{
    "name": "root",
    "gauges": {
        "ParkourRunner.Policy.Entropy.mean": {
            "value": 0.052351243793964386,
            "min": 0.052351243793964386,
            "max": 1.093036413192749,
            "count": 100
        },
        "ParkourRunner.Policy.Entropy.sum": {
            "value": 1031.4765625,
            "min": 1031.4765625,
            "max": 22650.994140625,
            "count": 100
        },
        "ParkourRunner.Environment.EpisodeLength.mean": {
            "value": 178.66666666666666,
            "min": 50.26342710997442,
            "max": 202.93939393939394,
            "count": 100
        },
        "ParkourRunner.Environment.EpisodeLength.sum": {
            "value": 19832.0,
            "min": 19270.0,
            "max": 20614.0,
            "count": 100
        },
        "ParkourRunner.Episode.TotalReward.mean": {
            "value": 8.66181752005139,
            "min": -0.18587579287980732,
            "max": 9.950773417347609,
            "count": 100
        },
        "ParkourRunner.Episode.TotalReward.sum": {
            "value": 961.4617447257042,
            "min": -70.63280129432678,
            "max": 998.607449889183,
            "count": 100
        },
        "ParkourRunner.Episode.Length.mean": {
            "value": 17.967982661616695,
            "min": 5.126300970916553,
            "max": 20.395839809167263,
            "count": 100
        },
        "ParkourRunner.Episode.Length.sum": {
            "value": 1994.4460754394531,
            "min": 1937.5060777664185,
            "max": 2072.906651496887,
            "count": 100
        },
        "ParkourRunner.Episode.MaxDistance.mean": {
            "value": 102.08775369970648,
            "min": 10.533901122996681,
            "max": 115.6504558120111,
            "count": 100
        },
        "ParkourRunner.Episode.MaxDistance.sum": {
            "value": 11331.74066066742,
            "min": 4002.882426738739,
            "max": 11784.803617477417,
            "count": 100
        },
        "ParkourRunner.Actions.JumpCount.mean": {
            "value": 34.5045045045045,
            "min": 33.153153153153156,
            "max": 90.22631578947369,
            "count": 100
        },
        "ParkourRunner.Actions.JumpCount.sum": {
            "value": 3830.0,
            "min": 3660.0,
            "max": 34286.0,
            "count": 100
        },
        "ParkourRunner.Actions.ForwardCount.mean": {
            "value": 858.3873873873874,
            "min": 87.92894736842105,
            "max": 970.3333333333334,
            "count": 100
        },
        "ParkourRunner.Actions.ForwardCount.sum": {
            "value": 95281.0,
            "min": 33413.0,
            "max": 98788.0,
            "count": 100
        },
        "ParkourRunner.Actions.IdleCount.mean": {
            "value": 5.495495495495495,
            "min": 4.828828828828829,
            "max": 82.95263157894736,
            "count": 100
        },
        "ParkourRunner.Actions.IdleCount.sum": {
            "value": 610.0,
            "min": 536.0,
            "max": 31522.0,
            "count": 100
        },
        "ParkourRunner.Actions.JumpPercentage.mean": {
            "value": 3.776791102177388,
            "min": 3.6048417241723687,
            "max": 33.56020521615681,
            "count": 100
        },
        "ParkourRunner.Actions.JumpPercentage.sum": {
            "value": 419.22381234169006,
            "min": 377.9717700481415,
            "max": 12752.877982139587,
            "count": 100
        },
        "ParkourRunner.Actions.ForwardPercentage.mean": {
            "value": 95.46183268229167,
            "min": 34.64738226940757,
            "max": 95.7489742932019,
            "count": 100
        },
        "ParkourRunner.Actions.ForwardPercentage.sum": {
            "value": 10596.263427734375,
            "min": 9100.877990722656,
            "max": 19419.437084197998,
            "count": 100
        },
        "ParkourRunner.Actions.IdlePercentage.mean": {
            "value": 0.7613761642494717,
            "min": 0.6461837697807733,
            "max": 31.792412484319588,
            "count": 100
        },
        "ParkourRunner.Actions.IdlePercentage.sum": {
            "value": 84.51275423169136,
            "min": 71.72639844566584,
            "max": 12081.116744041443,
            "count": 100
        },
        "ParkourRunner.Step.mean": {
            "value": 1999909.0,
            "min": 19982.0,
            "max": 1999909.0,
            "count": 100
        },
        "ParkourRunner.Step.sum": {
            "value": 1999909.0,
            "min": 19982.0,
            "max": 1999909.0,
            "count": 100
        },
        "ParkourRunner.Policy.ExtrinsicValueEstimate.mean": {
            "value": 2.587526559829712,
            "min": -0.3091680109500885,
            "max": 2.6781015396118164,
            "count": 100
        },
        "ParkourRunner.Policy.ExtrinsicValueEstimate.sum": {
            "value": 501.98016357421875,
            "min": -125.522216796875,
            "max": 513.3197631835938,
            "count": 100
        },
        "ParkourRunner.Environment.CumulativeReward.mean": {
            "value": 8.683812967634626,
            "min": -0.18997026150333535,
            "max": 9.923788813303927,
            "count": 100
        },
        "ParkourRunner.Environment.CumulativeReward.sum": {
            "value": 972.5870523750782,
            "min": -71.9987291097641,
            "max": 1001.0336299538612,
            "count": 100
        },
        "ParkourRunner.Policy.ExtrinsicReward.mean": {
            "value": 8.683812967634626,
            "min": -0.18997026150333535,
            "max": 9.923788813303927,
            "count": 100
        },
        "ParkourRunner.Policy.ExtrinsicReward.sum": {
            "value": 972.5870523750782,
            "min": -71.9987291097641,
            "max": 1001.0336299538612,
            "count": 100
        },
        "ParkourRunner.Losses.PolicyLoss.mean": {
            "value": 0.0207133167097345,
            "min": 0.01961441945983097,
            "max": 0.028936801322270184,
            "count": 100
        },
        "ParkourRunner.Losses.PolicyLoss.sum": {
            "value": 0.041426633419469,
            "min": 0.021969704921357334,
            "max": 0.05787360264454037,
            "count": 100
        },
        "ParkourRunner.Losses.ValueLoss.mean": {
            "value": 0.26096398651599884,
            "min": 0.03214259546250105,
            "max": 0.366071994304657,
            "count": 100
        },
        "ParkourRunner.Losses.ValueLoss.sum": {
            "value": 0.5219279730319977,
            "min": 0.03214259546250105,
            "max": 0.6876612520217895,
            "count": 100
        },
        "ParkourRunner.Policy.LearningRate.mean": {
            "value": 1.0831746389749946e-06,
            "min": 1.0831746389749946e-06,
            "max": 0.0002984608505130499,
            "count": 100
        },
        "ParkourRunner.Policy.LearningRate.sum": {
            "value": 2.166349277949989e-06,
            "min": 2.166349277949989e-06,
            "max": 0.000592296002568,
            "count": 100
        },
        "ParkourRunner.Policy.Epsilon.mean": {
            "value": 0.10036102499999999,
            "min": 0.10036102499999999,
            "max": 0.19948695000000005,
            "count": 100
        },
        "ParkourRunner.Policy.Epsilon.sum": {
            "value": 0.20072204999999999,
            "min": 0.1145081,
            "max": 0.397432,
            "count": 100
        },
        "ParkourRunner.Policy.Beta.mean": {
            "value": 6.411764749999971e-05,
            "min": 6.411764749999971e-05,
            "max": 0.014923093804999999,
            "count": 100
        },
        "ParkourRunner.Policy.Beta.sum": {
            "value": 0.00012823529499999943,
            "min": 0.00012823529499999943,