{
    "name": "root",
    "gauges": {
        "ParkourRunner.Policy.Entropy.mean": {
            "value": 1.1235342025756836,
            "min": 1.1215981245040894,
            "max": 1.3804638385772705,
            "count": 28
        },
        "ParkourRunner.Policy.Entropy.sum": {
            "value": 22308.89453125,
            "min": 22213.25,
            "max": 28396.140625,
            "count": 28
        },
        "ParkourRunner.Environment.EpisodeLength.mean": {
            "value": 128.35099337748343,
            "min": 49.4382871536524,
            "max": 141.08724832214764,
            "count": 28
        },
        "ParkourRunner.Environment.EpisodeLength.sum": {
            "value": 19381.0,
            "min": 19059.0,
            "max": 21022.0,
            "count": 28
        },
        "ParkourRunner.Episode.TotalReward.mean": {
            "value": 7.097909379479112,
            "min": 1.200373105498345,
            "max": 7.488446544880835,
            "count": 28
        },
        "ParkourRunner.Episode.TotalReward.sum": {
            "value": 1071.7843163013458,
            "min": 476.548122882843,
            "max": 1115.7785351872444,
            "count": 28
        },
        "ParkourRunner.Episode.Length.mean": {
            "value": 12.935512610618641,
            "min": 5.042222938249333,
            "max": 14.207657700417025,
            "count": 28
        },
        "ParkourRunner.Episode.Length.sum": {
            "value": 1953.262404203415,
            "min": 1924.0583312511444,
            "max": 2116.940997362137,
            "count": 28
        },
        "ParkourRunner.Episode.MaxDistance.mean": {
            "value": 84.45674855819601,
            "min": 23.914280057854256,
            "max": 88.76797671606077,
            "count": 28
        },
        "ParkourRunner.Episode.MaxDistance.sum": {
            "value": 12752.969032287598,
            "min": 9493.96918296814,
            "max": 13301.410478591919,
            "count": 28
        },
        "ParkourRunner.Actions.JumpCount.mean": {
            "value": 73.29139072847683,
            "min": 43.439890710382514,
            "max": 90.69127516778524,
            "count": 28
        },
        "ParkourRunner.Actions.JumpCount.sum": {
            "value": 11067.0,
            "min": 11067.0,
            "max": 23121.0,
            "count": 28
        },
        "ParkourRunner.Actions.JogCount.mean": {
            "value": 212.2980132450331,
            "min": 67.93702770780857,
            "max": 212.2980132450331,
            "count": 28
        },
        "ParkourRunner.Actions.JogCount.sum": {
            "value": 32057.0,
            "min": 24577.0,
            "max": 32642.0,
            "count": 28
        },
        "ParkourRunner.Actions.SprintCount.mean": {
            "value": 247.96026490066225,
            "min": 63.21662468513854,
            "max": 270.2751677852349,
            "count": 28
        },
        "ParkourRunner.Actions.SprintCount.sum": {
            "value": 37442.0,
            "min": 25097.0,
            "max": 42125.0,
            "count": 28
        },
        "ParkourRunner.Actions.IdleCount.mean": {
            "value": 113.21854304635761,
            "min": 49.251461988304094,
            "max": 137.38255033557047,
            "count": 28
        },
        "ParkourRunner.Actions.IdleCount.sum": {
            "value": 17096.0,
            "min": 16577.0,
            "max": 24899.0,
            "count": 28
        },
        "ParkourRunner.Actions.JumpPercentage.mean": {
            "value": 12.818234655241303,
            "min": 12.818234655241303,
            "max": 22.895994444638117,
            "count": 28
        },
        "ParkourRunner.Actions.JumpPercentage.sum": {
            "value": 1935.5534329414368,
            "min": 1935.5534329414368,
            "max": 9089.709794521332,
            "count": 28
        },
        "ParkourRunner.Actions.JogPercentage.mean": {
            "value": 27.67200175657967,
            "min": 23.37986216045195,
            "max": 29.961563502748806,
            "count": 28
        },
        "ParkourRunner.Actions.JogPercentage.sum": {
            "value": 4178.47226524353,
            "min": 3745.8022689819336,
            "max": 11505.240385055542,
            "count": 28
        },
        "ParkourRunner.Actions.SprintPercentage.mean": {
            "value": 43.287260699745836,
            "min": 25.52064229859513,
            "max": 43.93336883667977,
            "count": 28
        },
        "ParkourRunner.Actions.SprintPercentage.sum": {
            "value": 6536.376365661621,
            "min": 6321.535778045654,
            "max": 13939.102001190186,
            "count": 28
        },
        "ParkourRunner.Actions.IdlePercentage.mean": {
            "value": 16.22250272896116,
            "min": 16.151822085060726,
            "max": 24.712280927437078,
            "count": 28
        },
        "ParkourRunner.Actions.IdlePercentage.sum": {
            "value": 2449.5979120731354,
            "min": 2442.7476229667664,
            "max": 9810.77552819252,
            "count": 28
        },
        "ParkourRunner.Step.mean": {
            "value": 559959.0,
            "min": 19896.0,
            "max": 559959.0,
            "count": 28
        },
        "ParkourRunner.Step.sum": {
            "value": 559959.0,
            "min": 19896.0,
            "max": 559959.0,
            "count": 28
        },
        "ParkourRunner.Policy.ExtrinsicValueEstimate.mean": {
            "value": 2.446157693862915,
            "min": -0.04083191230893135,
            "max": 2.446157693862915,
            "count": 28
        },
        "ParkourRunner.Policy.ExtrinsicValueEstimate.sum": {
            "value": 579.7393798828125,
            "min": -16.78191566467285,
            "max": 579.7393798828125,
            "count": 28
        },
        "ParkourRunner.Environment.CumulativeReward.mean": {
            "value": 7.091857159769298,
            "min": 1.1848045520559707,
            "max": 7.477892378767331,
            "count": 28
        },
        "ParkourRunner.Environment.CumulativeReward.sum": {
            "value": 1070.870431125164,
            "min": 469.18260261416435,
            "max": 1121.6838568150997,
            "count": 28
        },
        "ParkourRunner.Policy.ExtrinsicReward.mean": {
            "value": 7.091857159769298,
            "min": 1.1848045520559707,
            "max": 7.477892378767331,
            "count": 28
        },
        "ParkourRunner.Policy.ExtrinsicReward.sum": {
            "value": 1070.870431125164,
            "min": 469.18260261416435,
            "max": 1121.6838568150997,
            "count": 28
        },
        "ParkourRunner.Losses.PolicyLoss.mean": {
            "value": 0.023730499055236578,
            "min": 0.019815860353410243,
            "max": 0.026166274421848358,
            "count": 28
        },
        "ParkourRunner.Losses.PolicyLoss.sum": {
            "value": 0.047460998110473156,
            "min": 0.02412132508587092,
            "max": 0.052332548843696716,
            "count": 28
        },
        "ParkourRunner.Losses.ValueLoss.mean": {
            "value": 0.6772423607110978,
            "min": 0.0815896812826395,
            "max": 0.6772423607110978,
            "count": 28
        },
        "ParkourRunner.Losses.ValueLoss.sum": {
            "value": 1.3544847214221956,
            "min": 0.0815896812826395,
            "max": 1.3544847214221956,
            "count": 28
        },
        "ParkourRunner.Policy.LearningRate.mean": {
            "value": 0.00021736037754655,
            "min": 0.00021736037754655,
            "max": 0.000298461000513,
            "count": 28
        },
        "ParkourRunner.Policy.LearningRate.sum": {
            "value": 0.0004347207550931,
            "min": 0.00024749761750079996,
            "max": 0.00059229165256945,
            "count": 28
        },