{
    "name": "root",
    "metadata": {
        "timer_format_version": "0.1.0",
        "start_time_seconds": "1764566301",
        "python_version": "3.10.12 | packaged by Anaconda, Inc. | (main, Jul  5 2023, 19:01:18) [MSC v.1916 64 bit (AMD64)]",
        "command_line_arguments": "C:\\Users\\victo\\.conda\\envs\\mlagents\\Scripts\\mlagents-learn parkour_config.yaml --run-id=demo_2025-12-01_00-18-19 --initialize-from=test_v11 --inference",
        "mlagents_version": "1.1.0",
        "mlagents_envs_version": "1.1.0",
        "communication_protocol_version": "1.5.0",
        "pytorch_version": "2.2.2+cu121",
        "numpy_version": "1.23.5",
        "end_time_seconds": "1764566386"
    },
    "total": 84.89390480000293,
    "count": 1,
    "self": 0.003703399997903034,
    "children": {
        "run_training.setup": {
            "total": 0.04725299999699928,
            "count": 1,
            "self": 0.04725299999699928
        },
        "TrainerController.start_learning": {
            "total": 84.84294840000803,
            "count": 1,
            "self": 0.03294519962219056,
            "children": {
                "TrainerController._reset_env": {
                    "total": 8.989545000004,
                    "count": 1,
                    "self": 8.989545000004
                },
                "TrainerController.advance": {
                    "total": 75.82045820038184,
                    "count": 1888,
                    "self": 0.028547500507556833,
                    "children": {
                        "env_step": {
                            "total": 75.63880599969707,
                            "count": 1888,
                            "self": 69.3837919994694,
                            "children": {
                                "SubprocessEnvManager._take_step": {
                                    "total": 6.2352327999979025,
                                    "count": 1888,
                                    "self": 0.0827488001959864,
                                    "children": {
                                        "TorchPolicy.evaluate": {
                                            "total": 6.152483999801916,
                                            "count": 1874,
                                            "self": 6.152483999801916
                                        }
                                    }
                                },
                                "workers": {
                                    "total": 0.019781200229772367,
                                    "count": 1887,
                                    "self": 0.0,
                                    "children": {
                                        "worker_root": {
                                            "total": 14.086340499809012,
                                            "count": 1887,
                                            "is_parallel": true,
                                            "self": 8.909413399451296,
                                            "children": {
                                                "steps_from_proto": {
                                                    "total": 0.0004879999905824661,
                                                    "count": 1,
                                                    "is_parallel": true,
                                                    "self": 0.0002446999860694632,
                                                    "children": {
                                                        "_process_rank_one_or_two_observation": {
                                                            "total": 0.00024330000451300293,
                                                            "count": 2,
                                                            "is_parallel": true,
                                                            "self": 0.00024330000451300293
                                                        }
                                                    }
                                                },
                                                "UnityEnvironment.step": {
                                                    "total": 5.1764391003671335,
                                                    "count": 1887,
                                                    "is_parallel": true,
                                                    "self": 0.11735970023437403,
                                                    "children": {
                                                        "UnityEnvironment._generate_step_input": {
                                                            "total": 0.09826430051180068,
                                                            "count": 1887,
                                                            "is_parallel": true,
                                                            "self": 0.09826430051180068
                                                        },
                                                        "communicator.exchange": {
                                                            "total": 4.58623300025647,
                                                            "count": 1887,
                                                            "is_parallel": true,
                                                            "self": 4.58623300025647
                                                        },
                                                        "steps_from_proto": {
                                                            "total": 0.3745820993644884,
                                                            "count": 1887,
                                                            "is_parallel": true,
                                                            "self": 0.24505829912959598,
                                                            "children": {
                                                                "_process_rank_one_or_two_observation": {
                                                                    "total": 0.1295238002348924,
                                                                    "count": 3774,
                                                                    "is_parallel": true,
                                                                    "self": 0.1295238002348924
                                                                }
                                                            }
                                                        }
                                                    }
                                                }
                                            }
                                        }
                                    }
                                }
                            }
                        },
                        "trainer_advance": {
                            "total": 0.15310470017720945,
                            "count": 1887,
                            "self": 0.01617030035413336,
                            "children": {
                                "process_trajectory": {
                                    "total": 0.1369343998230761,
                                    "count": 1887,
                                    "self": 0.1369343998230761
                                }
                            }
                        }
                    }
                }
            }
        }
    }
}