{
    "name": "root",
    "metadata": {
        "timer_format_version": "0.1.0",
        "start_time_seconds": "1764568811",
        "python_version": "3.10.12 | packaged by Anaconda, Inc. | (main, Jul  5 2023, 19:01:18) [MSC v.1916 64 bit (AMD64)]",
        "command_line_arguments": "C:\\Users\\victo\\.conda\\envs\\mlagents\\Scripts\\mlagents-learn parkour_config.yaml --run-id=demo_2025-12-01_01-00-09 --initialize-from=test_v11 --inference",
        "mlagents_version": "1.1.0",
        "mlagents_envs_version": "1.1.0",
        "communication_protocol_version": "1.5.0",
        "pytorch_version": "2.2.2+cu121",
        "numpy_version": "1.23.5",
        "end_time_seconds": "1764568897"
    },
    "total": 86.40248119999887,
    "count": 1,
    "self": 0.006298600012087263,
    "children": {
        "run_training.setup": {
            "total": 0.04846019999240525,
            "count": 1,
            "self": 0.04846019999240525
        },
        "TrainerController.start_learning": {
            "total": 86.34772239999438,
            "count": 1,
            "self": 0.013973699751659296,
            "children": {
                "TrainerController._reset_env": {
                    "total": 17.522830700007034,
                    "count": 1,
                    "self": 17.522830700007034
                },
                "TrainerController.advance": {
                    "total": 68.81091800023569,
                    "count": 841,
                    "self": 0.013443100440781564,
                    "children": {
                        "env_step": {
                            "total": 68.65878429965232,
                            "count": 841,
                            "self": 66.2011532997858,
                            "children": {
                                "SubprocessEnvManager._take_step": {
                                    "total": 2.449110100060352,
                                    "count": 841,
                                    "self": 0.03606259994558059,
                                    "children": {
                                        "TorchPolicy.evaluate": {
                                            "total": 2.4130475001147715,
                                            "count": 811,
                                            "self": 2.4130475001147715
                                        }
                                    }
                                },
                                "workers": {
                                    "total": 0.008520899806171656,
                                    "count": 840,
                                    "self": 0.0,
                                    "children": {
                                        "worker_root": {
                                            "total": 6.9919656999991275,
                                            "count": 840,
                                            "is_parallel": true,
                                            "self": 4.224018299704767,
                                            "children": {
                                                "steps_from_proto": {
                                                    "total": 0.0006160999910207465,
                                                    "count": 1,
                                                    "is_parallel": true,
                                                    "self": 0.00032980000833049417,
                                                    "children": {
                                                        "_process_rank_one_or_two_observation": {
                                                            "total": 0.00028629998269025236,
                                                            "count": 2,
                                                            "is_parallel": true,
                                                            "self": 0.00028629998269025236
                                                        }
                                                    }
                                                },
                                                "UnityEnvironment.step": {
                                                    "total": 2.76733130030334,
                                                    "count": 840,
                                                    "is_parallel": true,
                                                    "self": 0.05742679999093525,
                                                    "children": {
                                                        "UnityEnvironment._generate_step_input": {
                                                            "total": 0.04172090001520701,
                                                            "count": 840,
                                                            "is_parallel": true,
                                                            "self": 0.04172090001520701
                                                        },
                                                        "communicator.exchange": {
                                                            "total": 2.501359700167086,
                                                            "count": 840,
                                                            "is_parallel": true,
                                                            "self": 2.501359700167086
                                                        },
                                                        "steps_from_proto": {
                                                            "total": 0.16682390013011172,
                                                            "count": 840,
                                                            "is_parallel": true,
                                                            "self": 0.10826310008997098,
                                                            "children": {
                                                                "_process_rank_one_or_two_observation": {
                                                                    "total": 0.05856080004014075,
                                                                    "count": 1680,
                                                                    "is_parallel": true,
                                                                    "self": 0.05856080004014075
                                                                }
                                                            }
                                                        }
                                                    }
                                                }
                                            }
                                        }
                                    }
                                }
                            }
                        },
                        "trainer_advance": {
                            "total": 0.1386906001425814,
                            "count": 840,
                            "self": 0.007475400358089246,
                            "children": {
                                "process_trajectory": {
                                    "total": 0.13121519978449214,
                                    "count": 840,
                                    "self": 0.13121519978449214
                                }
                            }
                        }
                    }
                }
            }
        }
    }
}