{
    "name": "root",
    "gauges": {
        "ParkourRunner.Policy.Entropy.mean": {
            "value": 0.29806429147720337,
            "min": 0.29806429147720337,
            "max": 1.0919272899627686,
            "count": 61
        },
        "ParkourRunner.Policy.Entropy.sum": {
            "value": 6022.38916015625,
            "min": 6022.38916015625,
            "max": 22347.3828125,
            "count": 61
        },
        "ParkourRunner.Environment.EpisodeLength.mean": {
            "value": 234.98823529411766,
            "min": 70.25539568345324,
            "max": 245.35897435897436,
            "count": 61
        },
        "ParkourRunner.Environment.EpisodeLength.sum": {
            "value": 19974.0,
            "min": 19138.0,
            "max": 20826.0,
            "count": 61
        },
        "ParkourRunner.Episode.TotalReward.mean": {
            "value": 8.650490549031426,
            "min": 0.2206923399897788,
            "max": 9.00400569729316,
            "count": 61
        },
        "ParkourRunner.Episode.TotalReward.sum": {
            "value": 735.2916966676712,
            "min": 61.35247051715851,
            "max": 745.8109843730927,
            "count": 61
        },
        "ParkourRunner.Episode.Length.mean": {
            "value": 23.602707705778233,
            "min": 7.124429030384091,
            "max": 24.636018545199665,
            "count": 61
        },
        "ParkourRunner.Episode.Length.sum": {
            "value": 2006.23015499115,
            "min": 1921.6094465255737,
            "max": 2092.7096779346466,
            "count": 61
        },
        "ParkourRunner.Episode.MaxDistance.mean": {
            "value": 107.55792815825518,
            "min": 15.377457188187742,
            "max": 111.55388148625691,
            "count": 61
        },
        "ParkourRunner.Episode.MaxDistance.sum": {
            "value": 9142.42389345169,
            "min": 4274.933098316193,
            "max": 9383.577523231506,
            "count": 61
        },
        "ParkourRunner.Actions.JumpCount.mean": {
            "value": 230.45882352941177,
            "min": 98.94202898550725,
            "max": 250.1818181818182,
            "count": 61
        },
        "ParkourRunner.Actions.JumpCount.sum": {
            "value": 19589.0,
            "min": 18656.0,
            "max": 31049.0,
            "count": 61
        },
        "ParkourRunner.Actions.ForwardCount.mean": {
            "value": 902.4470588235295,
            "min": 128.33093525179856,
            "max": 938.3076923076923,
            "count": 61
        },
        "ParkourRunner.Actions.ForwardCount.sum": {
            "value": 76708.0,
            "min": 35676.0,
            "max": 78867.0,
            "count": 61
        },
        "ParkourRunner.Actions.IdleCount.mean": {
            "value": 47.21176470588235,
            "min": 40.59139784946237,
            "max": 116.20143884892086,
            "count": 61
        },
        "ParkourRunner.Actions.IdleCount.sum": {
            "value": 4013.0,
            "min": 3775.0,
            "max": 32304.0,
            "count": 61
        },
        "ParkourRunner.Actions.JumpPercentage.mean": {
            "value": 20.59144058227539,
            "min": 20.207044021370486,
            "max": 31.00792264252258,
            "count": 61
        },
        "ParkourRunner.Actions.JumpPercentage.sum": {
            "value": 1750.2724494934082,
            "min": 1591.6908407211304,
            "max": 8620.202494621277,
            "count": 61
        },
        "ParkourRunner.Actions.ForwardPercentage.mean": {
            "value": 75.18001430735869,
            "min": 36.763264319879546,
            "max": 75.18001430735869,
            "count": 61
        },
        "ParkourRunner.Actions.ForwardPercentage.sum": {
            "value": 6390.301216125488,
            "min": 5806.538379669189,
            "max": 13586.921859741211,
            "count": 61
        },
        "ParkourRunner.Actions.IdlePercentage.mean": {
            "value": 4.228545068292057,
            "min": 4.1616661484523485,
            "max": 32.22881297070345,
            "count": 61
        },
        "ParkourRunner.Actions.IdlePercentage.sum": {
            "value": 359.42633080482483,
            "min": 359.42633080482483,
            "max": 8959.61000585556,
            "count": 61
        },
        "ParkourRunner.Step.mean": {
            "value": 1219904.0,
            "min": 19947.0,
            "max": 1219904.0,
            "count": 61
        },
        "ParkourRunner.Step.sum": {
            "value": 1219904.0,
            "min": 19947.0,
            "max": 1219904.0,
            "count": 61
        },
        "ParkourRunner.Policy.ExtrinsicValueEstimate.mean": {
            "value": 1.928919792175293,
            "min": 0.06664310395717621,
            "max": 2.0604472160339355,
            "count": 61
        },
        "ParkourRunner.Policy.ExtrinsicValueEstimate.sum": {
            "value": 293.19580078125,
            "min": 19.85964584350586,
            "max": 311.9312744140625,
            "count": 61
        },
        "ParkourRunner.Environment.CumulativeReward.mean": {
            "value": 8.643546445229473,
            "min": 0.22166908755629502,
            "max": 9.008921720559083,
            "count": 61
        },
        "ParkourRunner.Environment.CumulativeReward.sum": {
            "value": 734.7014478445053,
            "min": 61.40233725309372,
            "max": 754.8965013623238,
            "count": 61
        },
        "ParkourRunner.Policy.ExtrinsicReward.mean": {
            "value": 8.643546445229473,
            "min": 0.22166908755629502,
            "max": 9.008921720559083,
            "count": 61
        },
        "ParkourRunner.Policy.ExtrinsicReward.sum": {
            "value": 734.7014478445053,
            "min": 61.40233725309372,
            "max": 754.8965013623238,
            "count": 61
        },
        "ParkourRunner.Losses.PolicyLoss.mean": {
            "value": 0.02297059639725679,
            "min": 0.021027376582302776,
            "max": 0.0262635889686256,
            "count": 61
        },
        "ParkourRunner.Losses.PolicyLoss.sum": {
            "value": 0.04594119279451358,
            "min": 0.023029046521211665,
            "max": 0.0525271779372512,
            "count": 61
        },
        "ParkourRunner.Losses.ValueLoss.mean": {
            "value": 0.11024828603646408,
            "min": 0.09587247300272186,
            "max": 0.34976850772897405,
            "count": 61
        },
        "ParkourRunner.Losses.ValueLoss.sum": {
            "value": 0.22049657207292817,
            "min": 0.09587247300272186,
            "max": 0.6995370154579481,
            "count": 61
        },
        "ParkourRunner.Policy.LearningRate.mean": {
            "value": 0.000118012335662575,
            "min": 0.000118012335662575,
            "max": 0.0002984587505137499,
            "count": 61
        },
        "ParkourRunner.Policy.LearningRate.sum": {
            "value": 0.00023602467132515,
            "min": 0.00015446329851225,
            "max": 0.0005922936025687999,
            "count": 61
        },
        "ParkourRunner.Policy.Epsilon.mean": {
            "value": 0.13933742500000001,
            "min": 0.13933742500000001,
            "max": 0.19948625000000006,
            "count": 61
        },
        "ParkourRunner.Policy.Epsilon.sum": {
            "value": 0.27867485000000003,
            "min": 0.15148774999999998,
            "max": 0.3974312000000001,
            "count": 61
        },
        "ParkourRunner.Policy.Beta.mean": {
            "value": 0.005906680007499998,
            "min": 0.005906680007499998,
            "max": 0.014922988874999994,
            "count": 61
        },
        "ParkourRunner.Policy.Beta.sum": {
            "value": 0.011813360014999996,
            "min": 0.007728013724999997,