{
    "name": "root",
    "metadata": {
        "timer_format_version": "0.1.0",
        "start_time_seconds": "1764570575",
        "python_version": "3.10.12 | packaged by Anaconda, Inc. | (main, Jul  5 2023, 19:01:18) [MSC v.1916 64 bit (AMD64)]",
        "command_line_arguments": "C:\\Users\\victo\\.conda\\envs\\mlagents\\Scripts\\mlagents-learn parkour_config.yaml --run-id=demo_2025-12-01_01-29-33 --initialize-from=test_v11 --inference",
        "mlagents_version": "1.1.0",
        "mlagents_envs_version": "1.1.0",
        "communication_protocol_version": "1.5.0",
        "pytorch_version": "2.2.2+cu121",
        "numpy_version": "1.23.5",
        "end_time_seconds": "1764570703"
    },
    "total": 127.9092915999936,
    "count": 1,
    "self": 0.004496800000197254,
    "children": {
        "run_training.setup": {
            "total": 0.05291440000291914,
            "count": 1,
            "self": 0.05291440000291914
        },
        "TrainerController.start_learning": {
            "total": 127.85188039999048,
            "count": 1,
            "self": 0.24008849835081492,
            "children": {
                "TrainerController._reset_env": {
                    "total": 11.181015499998466,
                    "count": 1,
                    "self": 11.181015499998466
                },
                "TrainerController.advance": {
                    "total": 116.43077560164966,
                    "count": 19248,
                    "self": 0.20147159836778883,
                    "children": {
                        "env_step": {
                            "total": 113.82904770079767,
                            "count": 19248,
                            "self": 63.1963596016285,
                            "children": {
                                "SubprocessEnvManager._take_step": {
                                    "total": 50.47305749900988,
                                    "count": 19248,
                                    "self": 0.6729390985856298,
                                    "children": {
                                        "TorchPolicy.evaluate": {
                                            "total": 49.80011840042425,
                                            "count": 18494,
                                            "self": 49.80011840042425
                                        }
                                    }
                                },
                                "workers": {
                                    "total": 0.15963060015928932,
                                    "count": 19247,
                                    "self": 0.0,
                                    "children": {
                                        "worker_root": {
                                            "total": 116.56903950046399,
                                            "count": 19247,
                                            "is_parallel": true,
                                            "self": 64.73834610058111,
                                            "children": {
                                                "steps_from_proto": {
                                                    "total": 0.0005469000025186688,
                                                    "count": 1,
                                                    "is_parallel": true,
                                                    "self": 0.00024419999681413174,
                                                    "children": {
                                                        "_process_rank_one_or_two_observation": {
                                                            "total": 0.00030270000570453703,
                                                            "count": 2,
                                                            "is_parallel": true,
                                                            "self": 0.00030270000570453703
                                                        }
                                                    }
                                                },
                                                "UnityEnvironment.step": {
                                                    "total": 51.83014649988036,
                                                    "count": 19247,
                                                    "is_parallel": true,
                                                    "self": 0.9645189990842482,
                                                    "children": {
                                                        "UnityEnvironment._generate_step_input": {
                                                            "total": 0.7455357003927929,
                                                            "count": 19247,
                                                            "is_parallel": true,
                                                            "self": 0.7455357003927929
                                                        },
                                                        "communicator.exchange": {
                                                            "total": 47.46666259992344,
                                                            "count": 19247,
                                                            "is_parallel": true,
                                                            "self": 47.46666259992344
                                                        },
                                                        "steps_from_proto": {
                                                            "total": 2.653429200479877,
                                                            "count": 19245,
                                                            "is_parallel": true,
                                                            "self": 1.5518034997658106,
                                                            "children": {
                                                                "_process_rank_one_or_two_observation": {
                                                                    "total": 1.1016257007140666,
                                                                    "count": 38490,
                                                                    "is_parallel": true,
                                                                    "self": 1.1016257007140666
                                                                }
                                                            }
                                                        }
                                                    }
                                                }
                                            }
                                        }
                                    }
                                }
                            }
                        },
                        "trainer_advance": {
                            "total": 2.4002563024841947,
                            "count": 19247,
                            "self": 0.10340640068170615,
                            "children": {
                                "process_trajectory": {
                                    "total": 2.2968499018024886,
                                    "count": 19247,
                                    "self": 2.2968499018024886
                                }
                            }
                        }
                    }
                },
                "trainer_threads": {
                    "total": 7.999915396794677e-07,
                    "count": 1,
                    "self": 7.999915396794677e-07
                }
            }
        }
    }
}