{
    "name": "root",
    "gauges": {
        "ParkourRunner.Policy.Entropy.mean": {
            "value": 0.4922173023223877,
            "min": 0.4922173023223877,
            "max": 1.3828644752502441,
            "count": 100
        },
        "ParkourRunner.Policy.Entropy.sum": {
            "value": 9915.7177734375,
            "min": 9892.474609375,
            "max": 28163.41796875,
            "count": 100
        },
        "ParkourRunner.Environment.EpisodeLength.mean": {
            "value": 422.0851063829787,
            "min": 31.898026315789473,
            "max": 449.60869565217394,
            "count": 100
        },
        "ParkourRunner.Environment.EpisodeLength.sum": {
            "value": 19838.0,
            "min": 17095.0,
            "max": 21673.0,
            "count": 100
        },
        "ParkourRunner.Episode.TotalReward.mean": {
            "value": 41.481982778995594,
            "min": 0.3683097382125102,
            "max": 42.06939991315206,
            "count": 100
        },
        "ParkourRunner.Episode.TotalReward.sum": {
            "value": 1949.653190612793,
            "min": 223.93232083320618,
            "max": 2092.626476287842,
            "count": 100
        },
        "ParkourRunner.Episode.Length.mean": {
            "value": 42.310990435011846,
            "min": 3.2891781635974584,
            "max": 45.06562332485033,
            "count": 100
        },
        "ParkourRunner.Episode.Length.sum": {
            "value": 1988.6165504455566,
            "min": 1713.471206665039,
            "max": 2172.9798645973206,
            "count": 100
        },
        "ParkourRunner.Episode.MaxDistance.mean": {
            "value": 331.05926513671875,
            "min": 15.081120999235855,
            "max": 333.2399298626444,
            "count": 100
        },
        "ParkourRunner.Episode.MaxDistance.sum": {
            "value": 15559.785461425781,
            "min": 9169.3215675354,
            "max": 16534.249603271484,
            "count": 100
        },
        "ParkourRunner.Actions.JumpCount.mean": {
            "value": 100.53191489361703,
            "min": 39.745065789473685,
            "max": 154.44444444444446,
            "count": 100
        },
        "ParkourRunner.Actions.JumpCount.sum": {
            "value": 4725.0,
            "min": 4380.0,
            "max": 24165.0,
            "count": 100
        },
        "ParkourRunner.Actions.JogCount.mean": {
            "value": 1249.4893617021276,
            "min": 41.82072368421053,
            "max": 1262.9347826086957,
            "count": 100
        },
        "ParkourRunner.Actions.JogCount.sum": {
            "value": 58726.0,
            "min": 24930.0,
            "max": 62309.0,
            "count": 100
        },
        "ParkourRunner.Actions.SprintCount.mean": {
            "value": 759.9148936170212,
            "min": 42.483552631578945,
            "max": 780.3695652173913,
            "count": 100
        },
        "ParkourRunner.Actions.SprintCount.sum": {
            "value": 35716.0,
            "min": 25830.0,
            "max": 44050.0,
            "count": 100
        },
        "ParkourRunner.Actions.IdleCount.mean": {
            "value": 5.574468085106383,
            "min": 4.931818181818182,
            "max": 317.26,
            "count": 100
        },
        "ParkourRunner.Actions.IdleCount.sum": {
            "value": 262.0,
            "min": 217.0,
            "max": 24569.0,
            "count": 100
        },
        "ParkourRunner.Actions.JumpPercentage.mean": {
            "value": 4.751384846707608,
            "min": 4.6880956474615605,
            "max": 23.546264271006773,
            "count": 100
        },
        "ParkourRunner.Actions.JumpPercentage.sum": {
            "value": 223.31508779525757,
            "min": 210.18460178375244,
            "max": 14316.128676772118,
            "count": 100
        },
        "ParkourRunner.Actions.JogPercentage.mean": {
            "value": 59.02191072829226,
            "min": 24.54821374490089,
            "max": 59.3053936958313,
            "count": 100
        },
        "ParkourRunner.Actions.JogPercentage.sum": {
            "value": 2774.0298042297363,
            "min": 1840.6278667449951,
            "max": 15356.604433059692,
            "count": 100
        },
        "ParkourRunner.Actions.SprintPercentage.mean": {
            "value": 35.964367318660656,
            "min": 26.487887458189537,
            "max": 46.12681179511838,
            "count": 100
        },
        "ParkourRunner.Actions.SprintPercentage.sum": {
            "value": 1690.3252639770508,
            "min": 1548.5868530273438,
            "max": 16104.635574579239,
            "count": 100
        },
        "ParkourRunner.Actions.IdlePercentage.mean": {
            "value": 0.26233750605519784,
            "min": 0.24256931186061015,
            "max": 24.708275194622967,
            "count": 100
        },
        "ParkourRunner.Actions.IdlePercentage.sum": {
            "value": 12.329862784594297,
            "min": 10.673049721866846,
            "max": 15022.631318330765,
            "count": 100
        },
        "ParkourRunner.Step.mean": {
            "value": 1999881.0,
            "min": 19982.0,
            "max": 1999881.0,
            "count": 100
        },
        "ParkourRunner.Step.sum": {
            "value": 1999881.0,
            "min": 19982.0,
            "max": 1999881.0,
            "count": 100
        },
        "ParkourRunner.Policy.ExtrinsicValueEstimate.mean": {
            "value": 8.197153091430664,
            "min": 0.016322651877999306,
            "max": 8.268738746643066,
            "count": 100
        },
        "ParkourRunner.Policy.ExtrinsicValueEstimate.sum": {
            "value": 1524.67041015625,
            "min": 8.079712867736816,
            "max": 1580.091064453125,
            "count": 100
        },
        "ParkourRunner.Environment.CumulativeReward.mean": {
            "value": 41.46743794705005,
            "min": 0.36588557523597015,
            "max": 42.05361912647883,
            "count": 100
        },
        "ParkourRunner.Environment.CumulativeReward.sum": {
            "value": 1948.9695835113525,
            "min": 222.09254416823387,
            "max": 2091.860692024231,
            "count": 100
        },
        "ParkourRunner.Policy.ExtrinsicReward.mean": {
            "value": 41.46743794705005,
            "min": 0.36588557523597015,
            "max": 42.05361912647883,
            "count": 100
        },
        "ParkourRunner.Policy.ExtrinsicReward.sum": {
            "value": 1948.9695835113525,
            "min": 222.09254416823387,
            "max": 2091.860692024231,
            "count": 100
        },
        "ParkourRunner.Losses.PolicyLoss.mean": {
            "value": 0.023024988314136862,
            "min": 0.01792648669797927,
            "max": 0.03054990941658616,
            "count": 100
        },
        "ParkourRunner.Losses.PolicyLoss.sum": {
            "value": 0.046049976628273724,
            "min": 0.01792648669797927,
            "max": 0.06109981883317232,
            "count": 100
        },
        "ParkourRunner.Losses.ValueLoss.mean": {
            "value": 0.0712210712954402,
            "min": 0.01190056282095611,
            "max": 0.5606066527962684,
            "count": 100
        },
        "ParkourRunner.Losses.ValueLoss.sum": {
            "value": 0.1424421425908804,
            "min": 0.02380112564191222,
            "max": 1.1212133055925368,
            "count": 100
        },
        "ParkourRunner.Policy.LearningRate.mean": {
            "value": 9.285246905249937e-07,
            "min": 9.285246905249937e-07,
            "max": 0.0002984586005137999,
            "count": 100
        },
        "ParkourRunner.Policy.LearningRate.sum": {
            "value": 1.8570493810499875e-06,
            "min": 1.8570493810499875e-06,