{
    "name": "root",
    "gauges": {
        "ParkourRunner.Policy.Entropy.mean": {
            "value": 0.6572028398513794,
            "min": 0.6572028398513794,
            "max": 1.6047194004058838,
            "count": 100
        },
        "ParkourRunner.Policy.Entropy.sum": {
            "value": 13101.99609375,
            "min": 13101.99609375,
            "max": 33519.37890625,
            "count": 100
        },
        "ParkourRunner.Environment.EpisodeLength.mean": {
            "value": 609.6388888888889,
            "min": 47.985365853658536,
            "max": 684.0,
            "count": 100
        },
        "ParkourRunner.Environment.EpisodeLength.sum": {
            "value": 21947.0,
            "min": 14712.0,
            "max": 23740.0,
            "count": 100
        },
        "ParkourRunner.Episode.TotalReward.mean": {
            "value": 80.06060327423944,
            "min": 3.053232479861329,
            "max": 88.82018129753344,
            "count": 100
        },
        "ParkourRunner.Episode.TotalReward.sum": {
            "value": 2882.1817178726196,
            "min": 1093.0572277903557,
            "max": 2931.0659828186035,
            "count": 100
        },
        "ParkourRunner.Episode.Length.mean": {
            "value": 61.06516255272759,
            "min": 4.897624660701286,
            "max": 68.49906159937382,
            "count": 100
        },
        "ParkourRunner.Episode.Length.sum": {
            "value": 2198.3458518981934,
            "min": 1475.3186120986938,
            "max": 2378.6031601428986,
            "count": 100
        },
        "ParkourRunner.Episode.MaxDistance.mean": {
            "value": 555.9091366661919,
            "min": 29.88962000841535,
            "max": 603.5629089355468,
            "count": 100
        },
        "ParkourRunner.Episode.MaxDistance.sum": {
            "value": 20012.72891998291,
            "min": 10700.483963012695,
            "max": 20012.72891998291,
            "count": 100
        },
        "ParkourRunner.Actions.JumpCount.mean": {
            "value": 101.66666666666667,
            "min": 32.518950437317784,
            "max": 139.67741935483872,
            "count": 100
        },
        "ParkourRunner.Actions.JumpCount.sum": {
            "value": 3660.0,
            "min": 3034.0,
            "max": 18255.0,
            "count": 100
        },
        "ParkourRunner.Actions.JogCount.mean": {
            "value": 2072.1111111111113,
            "min": 55.84634146341463,
            "max": 2159.4666666666667,
            "count": 100
        },
        "ParkourRunner.Actions.JogCount.sum": {
            "value": 74596.0,
            "min": 21293.0,
            "max": 74596.0,
            "count": 100
        },
        "ParkourRunner.Actions.SprintCount.mean": {
            "value": 424.22222222222223,
            "min": 52.21219512195122,
            "max": 852.2903225806451,
            "count": 100
        },
        "ParkourRunner.Actions.SprintCount.sum": {
            "value": 15272.0,
            "min": 12576.0,
            "max": 32079.0,
            "count": 100
        },
        "ParkourRunner.Actions.IdleCount.mean": {
            "value": 216.36111111111111,
            "min": 49.28048780487805,
            "max": 621.3548387096774,
            "count": 100
        },
        "ParkourRunner.Actions.IdleCount.sum": {
            "value": 7789.0,
            "min": 7020.0,
            "max": 26422.0,
            "count": 100
        },
        "ParkourRunner.Actions.JumpPercentage.mean": {
            "value": 3.533469100793203,
            "min": 3.1109687248865763,
            "max": 17.587858884028215,
            "count": 100
        },
        "ParkourRunner.Actions.JumpPercentage.sum": {
            "value": 127.2048876285553,
            "min": 93.32906174659729,
            "max": 6296.453480482101,
            "count": 100
        },
        "ParkourRunner.Actions.JogPercentage.mean": {
            "value": 67.61024432712131,
            "min": 21.72609708096062,
            "max": 67.72368321274266,
            "count": 100
        },
        "ParkourRunner.Actions.JogPercentage.sum": {
            "value": 2433.968795776367,
            "min": 1006.6364822387695,
            "max": 9130.728418111801,
            "count": 100
        },
        "ParkourRunner.Actions.SprintPercentage.mean": {
            "value": 14.004690382215712,
            "min": 13.191429051485928,
            "max": 28.745965036295228,
            "count": 100
        },
        "ParkourRunner.Actions.SprintPercentage.sum": {
            "value": 504.1688537597656,
            "min": 435.31715869903564,
            "max": 8589.68046116829,
            "count": 100
        },
        "ParkourRunner.Actions.RollPercentage.mean": {
            "value": 7.81014527214898,
            "min": 7.81014527214898,
            "max": 23.34769048125057,
            "count": 100
        },
        "ParkourRunner.Actions.RollPercentage.sum": {
            "value": 281.1652297973633,
            "min": 249.2652449607849,
            "max": 8784.779899597168,
            "count": 100
        },
        "ParkourRunner.Actions.IdlePercentage.mean": {
            "value": 7.0414504872428045,
            "min": 7.0106311785547355,
            "max": 22.491624200847788,
            "count": 100
        },
        "ParkourRunner.Actions.IdlePercentage.sum": {
            "value": 253.49221754074097,
            "min": 237.47825622558594,
            "max": 8420.12773489952,
            "count": 100
        },
        "ParkourRunner.Actions.RollCount.mean": {
            "value": 238.88888888888889,
            "min": 51.40731707317073,
            "max": 524.5833333333334,
            "count": 100
        },
        "ParkourRunner.Actions.RollCount.sum": {
            "value": 8600.0,
            "min": 7395.0,
            "max": 21694.0,
            "count": 100
        },
        "ParkourRunner.Step.mean": {
            "value": 1999911.0,
            "min": 19928.0,
            "max": 1999911.0,
            "count": 100
        },
        "ParkourRunner.Step.sum": {
            "value": 1999911.0,
            "min": 19928.0,
            "max": 1999911.0,
            "count": 100
        },
        "ParkourRunner.Policy.ExtrinsicValueEstimate.mean": {
            "value": 11.121045112609863,
            "min": 0.29704368114471436,
            "max": 11.189119338989258,
            "count": 100
        },
        "ParkourRunner.Policy.ExtrinsicValueEstimate.sum": {
            "value": 1923.9407958984375,
            "min": 117.92633819580078,
            "max": 1944.369384765625,
            "count": 100
        },
        "ParkourRunner.Environment.CumulativeReward.mean": {
            "value": 80.04824855592516,
            "min": 3.0500401551497047,
            "max": 88.81210147250782,
            "count": 100
        },
        "ParkourRunner.Environment.CumulativeReward.sum": {
            "value": 2881.7369480133057,
            "min": 1091.9143755435944,
            "max": 2930.799348592758,
            "count": 100
        },
        "ParkourRunner.Policy.ExtrinsicReward.mean": {
            "value": 80.04824855592516,
            "min": 3.0500401551497047,
            "max": 88.81210147250782,
            "count": 100
        },
        "ParkourRunner.Policy.ExtrinsicReward.sum": {
            "value": 2881.7369480133057,
            "min": 1091.9143755435944,
            "max": 2930.799348592758,
            "count": 100
        },
        "ParkourRunner.Losses.PolicyLoss.mean": {
            "value": 0.02326750966720283,
            "min": 0.017521136482246222,
            "max": 0.031161692067980765,
            "count": 100
        },
        "ParkourRunner.Losses.PolicyLoss.sum": {
            "value": 0.04653501933440566,
            "min": 0.020458959974348545,
            "max": 0.05491711194161326,
            "count": 100
        },