{
    "name": "root",
    "metadata": {
        "timer_format_version": "0.1.0",
        "start_time_seconds": "1764567612",
        "python_version": "3.10.12 | packaged by Anaconda, Inc. | (main, Jul  5 2023, 19:01:18) [MSC v.1916 64 bit (AMD64)]",
        "command_line_arguments": "C:\\Users\\victo\\.conda\\envs\\mlagents\\Scripts\\mlagents-learn parkour_config.yaml --run-id=demo_2025-12-01_00-40-09 --initialize-from=test_v11 --inference",
        "mlagents_version": "1.1.0",
        "mlagents_envs_version": "1.1.0",
        "communication_protocol_version": "1.5.0",
        "pytorch_version": "2.2.2+cu121",
        "numpy_version": "1.23.5",
        "end_time_seconds": "1764567797"
    },
    "total": 185.90372269999352,
    "count": 1,
    "self": 10.004490799998166,
    "children": {
        "run_training.setup": {
            "total": 0.08847699999751057,
            "count": 1,
            "self": 0.08847699999751057
        },
        "TrainerController.start_learning": {
            "total": 175.81075489999785,
            "count": 1,
            "self": 0.24097050106502138,
            "children": {
                "TrainerController._reset_env": {
                    "total": 42.20691209999495,
                    "count": 1,
                    "self": 42.20691209999495
                },
                "TrainerController.advance": {
                    "total": 133.3628712989448,
                    "count": 18052,
                    "self": 0.19034260108310264,
                    "children": {
                        "env_step": {
                            "total": 132.25059689822956,
                            "count": 18052,
                            "self": 87.57444339853828,
                            "children": {
                                "SubprocessEnvManager._take_step": {
                                    "total": 44.52616179893084,
                                    "count": 18054,
                                    "self": 0.6381592989491764,
                                    "children": {
                                        "TorchPolicy.evaluate": {
                                            "total": 43.88800249998167,
                                            "count": 17932,
                                            "self": 43.88800249998167
                                        }
                                    }
                                },
                                "workers": {
                                    "total": 0.1499917007604381,
                                    "count": 18051,
                                    "self": 0.0,
                                    "children": {
                                        "worker_root": {
                                            "total": 105.1999409001146,
                                            "count": 18051,
                                            "is_parallel": true,
                                            "self": 56.958191200581496,
                                            "children": {
                                                "steps_from_proto": {
                                                    "total": 0.0015233000012813136,
                                                    "count": 3,
                                                    "is_parallel": true,
                                                    "self": 0.0007450000121025369,
                                                    "children": {
                                                        "_process_rank_one_or_two_observation": {
                                                            "total": 0.0007782999891787767,
                                                            "count": 6,
                                                            "is_parallel": true,
                                                            "self": 0.0007782999891787767
                                                        }
                                                    }
                                                },
                                                "UnityEnvironment.step": {
                                                    "total": 48.24022639953182,
                                                    "count": 18051,
                                                    "is_parallel": true,
                                                    "self": 0.8236573991453042,
                                                    "children": {
                                                        "UnityEnvironment._generate_step_input": {
                                                            "total": 0.7049833998753456,
                                                            "count": 18051,
                                                            "is_parallel": true,
                                                            "self": 0.7049833998753456
                                                        },
                                                        "communicator.exchange": {
                                                            "total": 44.245360399989295,
                                                            "count": 18051,
                                                            "is_parallel": true,
                                                            "self": 44.245360399989295
                                                        },
                                                        "steps_from_proto": {
                                                            "total": 2.466225200521876,
                                                            "count": 18051,
                                                            "is_parallel": true,
                                                            "self": 1.4323819000564981,
                                                            "children": {
                                                                "_process_rank_one_or_two_observation": {
                                                                    "total": 1.033843300465378,
                                                                    "count": 36102,
                                                                    "is_parallel": true,
                                                                    "self": 1.033843300465378
                                                                }
                                                            }
                                                        }
                                                    }
                                                }
                                            }
                                        }
                                    }
                                }
                            }
                        },
                        "trainer_advance": {
                            "total": 0.9219317996321479,
                            "count": 18051,
                            "self": 0.09216339938575402,
                            "children": {
                                "process_trajectory": {
                                    "total": 0.8297684002463939,
                                    "count": 18051,
                                    "self": 0.8297684002463939
                                }
                            }
                        }
                    }
                },
                "trainer_threads": {
                    "total": 9.999930625781417e-07,
                    "count": 1,
                    "self": 9.999930625781417e-07
                }
            }
        }
    }
}