{
    "name": "root",
    "gauges": {
        "ParkourRunner.Policy.Entropy.mean": {
            "value": 1.128364086151123,
            "min": 1.128364086151123,
            "max": 1.379862904548645,
            "count": 15
        },
        "ParkourRunner.Policy.Entropy.sum": {
            "value": 22539.072265625,
            "min": 22539.072265625,
            "max": 28454.15234375,
            "count": 15
        },
        "ParkourRunner.Environment.EpisodeLength.mean": {
            "value": 181.73451327433628,
            "min": 47.44660194174757,
            "max": 181.73451327433628,
            "count": 15
        },
        "ParkourRunner.Environment.EpisodeLength.sum": {
            "value": 20536.0,
            "min": 19221.0,
            "max": 20536.0,
            "count": 15
        },
        "ParkourRunner.Episode.TotalReward.mean": {
            "value": 10.302485673828462,
            "min": 1.2735142459845483,
            "max": 10.302485673828462,
            "count": 15
        },
        "ParkourRunner.Episode.TotalReward.sum": {
            "value": 1164.1808811426163,
            "min": 508.1321841478348,
            "max": 1164.1808811426163,
            "count": 15
        },
        "ParkourRunner.Episode.Length.mean": {
            "value": 18.27368575914771,
            "min": 4.845106020714473,
            "max": 18.27368575914771,
            "count": 15
        },
        "ParkourRunner.Episode.Length.sum": {
            "value": 2064.9264907836914,
            "min": 1935.7207198143005,
            "max": 2064.9264907836914,
            "count": 15
        },
        "ParkourRunner.Episode.MaxDistance.mean": {
            "value": 117.57138210904282,
            "min": 24.673530437593772,
            "max": 117.57138210904282,
            "count": 15
        },
        "ParkourRunner.Episode.MaxDistance.sum": {
            "value": 13285.566178321838,
            "min": 9844.738644599915,
            "max": 13285.566178321838,
            "count": 15
        },
        "ParkourRunner.Actions.JumpCount.mean": {
            "value": 102.35398230088495,
            "min": 44.75970873786408,
            "max": 102.42105263157895,
            "count": 15
        },
        "ParkourRunner.Actions.JumpCount.sum": {
            "value": 11566.0,
            "min": 11566.0,
            "max": 23621.0,
            "count": 15
        },
        "ParkourRunner.Actions.JogCount.mean": {
            "value": 312.0353982300885,
            "min": 65.30075187969925,
            "max": 312.0353982300885,
            "count": 15
        },
        "ParkourRunner.Actions.JogCount.sum": {
            "value": 35260.0,
            "min": 25499.0,
            "max": 35260.0,
            "count": 15
        },
        "ParkourRunner.Actions.SprintCount.mean": {
            "value": 338.1946902654867,
            "min": 67.76691729323308,
            "max": 338.1946902654867,
            "count": 15
        },
        "ParkourRunner.Actions.SprintCount.sum": {
            "value": 38216.0,
            "min": 27039.0,
            "max": 41053.0,
            "count": 15
        },
        "ParkourRunner.Actions.IdleCount.mean": {
            "value": 161.08849557522123,
            "min": 48.25242718446602,
            "max": 161.1315789473684,
            "count": 15
        },
        "ParkourRunner.Actions.IdleCount.sum": {
            "value": 18203.0,
            "min": 15966.0,
            "max": 23495.0,
            "count": 15
        },
        "ParkourRunner.Actions.JumpPercentage.mean": {
            "value": 10.976102782561716,
            "min": 10.976102782561716,
            "max": 23.228342236134043,
            "count": 15
        },
        "ParkourRunner.Actions.JumpPercentage.sum": {
            "value": 1240.2996144294739,
            "min": 1240.2996144294739,
            "max": 9268.108552217484,
            "count": 15
        },
        "ParkourRunner.Actions.JogPercentage.mean": {
            "value": 32.71565630583637,
            "min": 24.62661389312054,
            "max": 32.821933480671476,
            "count": 15
        },
        "ParkourRunner.Actions.JogPercentage.sum": {
            "value": 3696.8691625595093,
            "min": 3578.4119634628296,
            "max": 11252.148784160614,
            "count": 15
        },
        "ParkourRunner.Actions.SprintPercentage.mean": {
            "value": 39.14482305746163,
            "min": 27.70200272371297,
            "max": 41.23766914643853,
            "count": 15
        },
        "ParkourRunner.Actions.SprintPercentage.sum": {
            "value": 4423.365005493164,
            "min": 4327.548788070679,
            "max": 14041.482391357422,
            "count": 15
        },
        "ParkourRunner.Actions.IdlePercentage.mean": {
            "value": 17.16341785414029,
            "min": 16.263390313176547,
            "max": 23.238954992222606,
            "count": 15
        },
        "ParkourRunner.Actions.IdlePercentage.sum": {
            "value": 1939.4662175178528,
            "min": 1939.4662175178528,
            "max": 9272.34304189682,
            "count": 15
        },
        "ParkourRunner.Step.mean": {
            "value": 299996.0,
            "min": 19983.0,
            "max": 299996.0,
            "count": 15
        },
        "ParkourRunner.Step.sum": {
            "value": 299996.0,
            "min": 19983.0,
            "max": 299996.0,
            "count": 15
        },
        "ParkourRunner.Policy.ExtrinsicValueEstimate.mean": {
            "value": 2.4965829849243164,
            "min": -0.13607925176620483,
            "max": 2.4965829849243164,
            "count": 15
        },
        "ParkourRunner.Policy.ExtrinsicValueEstimate.sum": {
            "value": 521.7858276367188,
            "min": -56.33680725097656,
            "max": 521.7986450195312,
            "count": 15
        },
        "ParkourRunner.Environment.CumulativeReward.mean": {
            "value": 10.353264753041524,
            "min": 1.2664795943989826,
            "max": 10.353264753041524,
            "count": 15
        },
        "ParkourRunner.Environment.CumulativeReward.sum": {
            "value": 1159.5656523406506,
            "min": 504.05887857079506,
            "max": 1159.5656523406506,
            "count": 15
        },
        "ParkourRunner.Policy.ExtrinsicReward.mean": {
            "value": 10.353264753041524,
            "min": 1.2664795943989826,
            "max": 10.353264753041524,
            "count": 15
        },
        "ParkourRunner.Policy.ExtrinsicReward.sum": {
            "value": 1159.5656523406506,
            "min": 504.05887857079506,
            "max": 1159.5656523406506,
            "count": 15
        },
        "ParkourRunner.Losses.PolicyLoss.mean": {
            "value": 0.025193595527671277,
            "min": 0.021199632370844483,
            "max": 0.02733170846477151,
            "count": 15
        },
        "ParkourRunner.Losses.PolicyLoss.sum": {
            "value": 0.050387191055342555,
            "min": 0.026318413419649005,
            "max": 0.05466341692954302,
            "count": 15
        },
        "ParkourRunner.Losses.ValueLoss.mean": {
            "value": 0.4711113554239273,
            "min": 0.0755436772108078,
            "max": 0.5798912933468818,
            "count": 15
        },
        "ParkourRunner.Losses.ValueLoss.sum": {
            "value": 0.9422227108478546,
            "min": 0.0755436772108078,
            "max": 1.1597825866937637,
            "count": 15
        },
        "ParkourRunner.Policy.LearningRate.mean": {
            "value": 0.0002560542146485999,
            "min": 0.0002560542146485999,
            "max": 0.0002984614505128499,
            "count": 15
        },
        "ParkourRunner.Policy.LearningRate.sum": {
            "value": 0.0005121084292971998,
            "min": 0.0002984614505128499,
            "max": 0.0005923066525644499,