{
    "name": "root",
    "gauges": {
        "ParkourRunner.Policy.Entropy.mean": {
            "value": 0.5998911261558533,
            "min": 0.5975544452667236,
            "max": 1.6019048690795898,
            "count": 100
        },
        "ParkourRunner.Policy.Entropy.sum": {
            "value": 12043.4140625,
            "min": 11979.771484375,
            "max": 33953.9765625,
            "count": 100
        },
        "ParkourRunner.Environment.EpisodeLength.mean": {
            "value": 561.8108108108108,
            "min": 44.394557823129254,
            "max": 663.7931034482758,
            "count": 100
        },
        "ParkourRunner.Environment.EpisodeLength.sum": {
            "value": 20787.0,
            "min": 14137.0,
            "max": 25045.0,
            "count": 100
        },
        "ParkourRunner.Episode.TotalReward.mean": {
            "value": 78.98577331207893,
            "min": 2.7093199280175297,
            "max": 92.53436532165065,
            "count": 100
        },
        "ParkourRunner.Episode.TotalReward.sum": {
            "value": 2922.473612546921,
            "min": 1192.100768327713,
            "max": 3077.0923986434937,
            "count": 100
        },
        "ParkourRunner.Episode.Length.mean": {
            "value": 56.28104369704788,
            "min": 4.539060285572562,
            "max": 66.46096430153682,
            "count": 100
        },
        "ParkourRunner.Episode.Length.sum": {
            "value": 2082.3986167907715,
            "min": 1416.4430038928986,
            "max": 2509.646666765213,
            "count": 100
        },
        "ParkourRunner.Episode.MaxDistance.mean": {
            "value": 519.289227099032,
            "min": 26.09154195352034,
            "max": 582.9194036023371,
            "count": 100
        },
        "ParkourRunner.Episode.MaxDistance.sum": {
            "value": 19213.701402664185,
            "min": 11377.663336753845,
            "max": 20653.05414199829,
            "count": 100
        },
        "ParkourRunner.Actions.JumpCount.mean": {
            "value": 83.02702702702703,
            "min": 24.754874651810585,
            "max": 143.02439024390245,
            "count": 100
        },
        "ParkourRunner.Actions.JumpCount.sum": {
            "value": 3072.0,
            "min": 2614.0,
            "max": 18203.0,
            "count": 100
        },
        "ParkourRunner.Actions.JogCount.mean": {
            "value": 1955.7567567567567,
            "min": 46.16136363636364,
            "max": 2103.5454545454545,
            "count": 100
        },
        "ParkourRunner.Actions.JogCount.sum": {
            "value": 72363.0,
            "min": 20311.0,
            "max": 75823.0,
            "count": 100
        },
        "ParkourRunner.Actions.SprintCount.mean": {
            "value": 369.56756756756755,
            "min": 47.325,
            "max": 799.7567567567568,
            "count": 100
        },
        "ParkourRunner.Actions.SprintCount.sum": {
            "value": 13674.0,
            "min": 11701.0,
            "max": 32155.0,
            "count": 100
        },
        "ParkourRunner.Actions.IdleCount.mean": {
            "value": 128.3783783783784,
            "min": 45.05909090909091,
            "max": 528.1904761904761,
            "count": 100
        },
        "ParkourRunner.Actions.IdleCount.sum": {
            "value": 4750.0,
            "min": 3974.0,
            "max": 24348.0,
            "count": 100
        },
        "ParkourRunner.Actions.JumpPercentage.mean": {
            "value": 4.023649892291507,
            "min": 2.9244075139363606,
            "max": 17.436169291084465,
            "count": 100
        },
        "ParkourRunner.Actions.JumpPercentage.sum": {
            "value": 148.87504601478577,
            "min": 87.73222541809082,
            "max": 7671.914488077164,
            "count": 100
        },
        "ParkourRunner.Actions.JogPercentage.mean": {
            "value": 66.96806789088893,
            "min": 20.37966030456803,
            "max": 68.86888839259292,
            "count": 100
        },
        "ParkourRunner.Actions.JogPercentage.sum": {
            "value": 2477.8185119628906,
            "min": 1076.5064210891724,
            "max": 9508.378973007202,
            "count": 100
        },
        "ParkourRunner.Actions.SprintPercentage.mean": {
            "value": 13.590824024097339,
            "min": 12.51916420098507,
            "max": 29.51334109025843,
            "count": 100
        },
        "ParkourRunner.Actions.SprintPercentage.sum": {
            "value": 502.86048889160156,
            "min": 413.1324186325073,
            "max": 9267.556297302246,
            "count": 100
        },
        "ParkourRunner.Actions.RollPercentage.mean": {
            "value": 10.208080626822806,
            "min": 9.948163596066562,
            "max": 23.68381052279691,
            "count": 100
        },
        "ParkourRunner.Actions.RollPercentage.sum": {
            "value": 377.69898319244385,
            "min": 328.28939867019653,
            "max": 10305.43538236618,
            "count": 100
        },
        "ParkourRunner.Actions.IdlePercentage.mean": {
            "value": 5.209377443468249,
            "min": 4.269822077317671,
            "max": 24.027849196698625,
            "count": 100
        },
        "ParkourRunner.Actions.IdlePercentage.sum": {
            "value": 192.7469654083252,
            "min": 140.90412855148315,
            "max": 9684.975688934326,
            "count": 100
        },
        "ParkourRunner.Actions.RollCount.mean": {
            "value": 277.3243243243243,
            "min": 47.31590909090909,
            "max": 464.6060606060606,
            "count": 100
        },
        "ParkourRunner.Actions.RollCount.sum": {
            "value": 10261.0,
            "min": 8816.0,
            "max": 23715.0,
            "count": 100
        },
        "ParkourRunner.Step.mean": {
            "value": 1999942.0,
            "min": 19987.0,
            "max": 1999942.0,
            "count": 100
        },
        "ParkourRunner.Step.sum": {
            "value": 1999942.0,
            "min": 19987.0,
            "max": 1999942.0,
            "count": 100
        },
        "ParkourRunner.Policy.ExtrinsicValueEstimate.mean": {
            "value": 11.185837745666504,
            "min": 0.1720985621213913,
            "max": 11.318442344665527,
            "count": 100
        },
        "ParkourRunner.Policy.ExtrinsicValueEstimate.sum": {
            "value": 1946.3358154296875,
            "min": 79.50953674316406,
            "max": 1966.8800048828125,
            "count": 100
        },
        "ParkourRunner.Environment.CumulativeReward.mean": {
            "value": 79.73178293638759,
            "min": 2.709099786835542,
            "max": 92.53157435402726,
            "count": 100
        },
        "ParkourRunner.Environment.CumulativeReward.sum": {
            "value": 2870.3441857099533,
            "min": 1189.294806420803,
            "max": 3076.8364179730415,
            "count": 100
        },
        "ParkourRunner.Policy.ExtrinsicReward.mean": {
            "value": 79.73178293638759,
            "min": 2.709099786835542,
            "max": 92.53157435402726,
            "count": 100
        },
        "ParkourRunner.Policy.ExtrinsicReward.sum": {
            "value": 2870.3441857099533,
            "min": 1189.294806420803,
            "max": 3076.8364179730415,
            "count": 100
        },
        "ParkourRunner.Losses.PolicyLoss.mean": {
            "value": 0.023987775181885808,
            "min": 0.01998757617548108,
            "max": 0.028201308120042085,
            "count": 100
        },
        "ParkourRunner.Losses.PolicyLoss.sum": {
            "value": 0.047975550363771616,
            "min": 0.020496663777157663,
            "max": 0.05640261624008417,
            "count": 100
        },