{
    "name": "root",
    "gauges": {
        "ParkourRunner.Policy.Entropy.mean": {
            "value": 0.635490357875824,
            "min": 0.635490357875824,
            "max": 1.6048084497451782,
            "count": 100
        },
        "ParkourRunner.Policy.Entropy.sum": {
            "value": 12618.296875,
            "min": 12618.296875,
            "max": 33283.7265625,
            "count": 100
        },
        "ParkourRunner.Environment.EpisodeLength.mean": {
            "value": 826.4166666666666,
            "min": 65.90604026845638,
            "max": 878.35,
            "count": 100
        },
        "ParkourRunner.Environment.EpisodeLength.sum": {
            "value": 19834.0,
            "min": 16018.0,
            "max": 24148.0,
            "count": 100
        },
        "ParkourRunner.Episode.TotalReward.mean": {
            "value": 68.39559211333592,
            "min": 1.001905615697771,
            "max": 70.201828956604,
            "count": 100
        },
        "ParkourRunner.Episode.TotalReward.sum": {
            "value": 1641.4942107200623,
            "min": 298.5678734779358,
            "max": 1850.731442451477,
            "count": 100
        },
        "ParkourRunner.Episode.Length.mean": {
            "value": 82.74510463078816,
            "min": 6.688811661413052,
            "max": 87.9192325592041,
            "count": 100
        },
        "ParkourRunner.Episode.Length.sum": {
            "value": 1985.882511138916,
            "min": 1603.8365592956543,
            "max": 2417.5480880737305,
            "count": 100
        },
        "ParkourRunner.Episode.MaxDistance.mean": {
            "value": 632.4999446868896,
            "min": 22.362399891718923,
            "max": 669.2098592122396,
            "count": 100
        },
        "ParkourRunner.Episode.MaxDistance.sum": {
            "value": 15179.998672485352,
            "min": 6663.995167732239,
            "max": 17636.04917907715,
            "count": 100
        },
        "ParkourRunner.Actions.JumpCount.mean": {
            "value": 102.5,
            "min": 52.474402730375424,
            "max": 210.77777777777777,
            "count": 100
        },
        "ParkourRunner.Actions.JumpCount.sum": {
            "value": 2460.0,
            "min": 2075.0,
            "max": 19298.0,
            "count": 100
        },
        "ParkourRunner.Actions.JogCount.mean": {
            "value": 1758.1666666666667,
            "min": 70.20134228187919,
            "max": 1813.1818181818182,
            "count": 100
        },
        "ParkourRunner.Actions.JogCount.sum": {
            "value": 42196.0,
            "min": 20920.0,
            "max": 47715.0,
            "count": 100
        },
        "ParkourRunner.Actions.SprintCount.mean": {
            "value": 2226.3333333333335,
            "min": 69.11409395973155,
            "max": 2407.0833333333335,
            "count": 100
        },
        "ParkourRunner.Actions.SprintCount.sum": {
            "value": 53432.0,
            "min": 20596.0,
            "max": 63502.0,
            "count": 100
        },
        "ParkourRunner.Actions.IdleCount.mean": {
            "value": 22.25,
            "min": 21.076923076923077,
            "max": 379.1034482758621,
            "count": 100
        },
        "ParkourRunner.Actions.IdleCount.sum": {
            "value": 534.0,
            "min": 534.0,
            "max": 19531.0,
            "count": 100
        },
        "ParkourRunner.Actions.JumpPercentage.mean": {
            "value": 2.6039920250574746,
            "min": 2.40413955450058,
            "max": 19.08131271800739,
            "count": 100
        },
        "ParkourRunner.Actions.JumpPercentage.sum": {
            "value": 62.495808601379395,
            "min": 48.0827910900116,
            "max": 5686.231189966202,
            "count": 100
        },
        "ParkourRunner.Actions.JogPercentage.mean": {
            "value": 42.054584900538124,
            "min": 21.154242445158477,
            "max": 42.10338141701438,
            "count": 100
        },
        "ParkourRunner.Actions.JogPercentage.sum": {
            "value": 1009.310037612915,
            "min": 678.9743480682373,
            "max": 7024.247944831848,
            "count": 100
        },
        "ParkourRunner.Actions.SprintPercentage.mean": {
            "value": 54.112670262654625,
            "min": 20.774654082803917,
            "max": 55.82545816330683,
            "count": 100
        },
        "ParkourRunner.Actions.SprintPercentage.sum": {
            "value": 1298.704086303711,
            "min": 954.7780418395996,
            "max": 7394.367424488068,
            "count": 100
        },
        "ParkourRunner.Actions.RollPercentage.mean": {
            "value": 0.689954470222195,
            "min": 0.45037953420118854,
            "max": 19.501898771964463,
            "count": 100
        },
        "ParkourRunner.Actions.RollPercentage.sum": {
            "value": 16.55890728533268,
            "min": 9.908349752426147,
            "max": 5811.56583404541,
            "count": 100
        },
        "ParkourRunner.Actions.IdlePercentage.mean": {
            "value": 0.5387985700120529,
            "min": 0.5174757173657417,
            "max": 19.487891942862696,
            "count": 100
        },
        "ParkourRunner.Actions.IdlePercentage.sum": {
            "value": 12.931165680289268,
            "min": 12.931165680289268,
            "max": 5807.3917989730835,
            "count": 100
        },
        "ParkourRunner.Actions.RollCount.mean": {
            "value": 28.125,
            "min": 19.318181818181817,
            "max": 402.25,
            "count": 100
        },
        "ParkourRunner.Actions.RollCount.sum": {
            "value": 675.0,
            "min": 425.0,
            "max": 19318.0,
            "count": 100
        },
        "ParkourRunner.Step.mean": {
            "value": 1999968.0,
            "min": 19985.0,
            "max": 1999968.0,
            "count": 100
        },
        "ParkourRunner.Step.sum": {
            "value": 1999968.0,
            "min": 19985.0,
            "max": 1999968.0,
            "count": 100
        },
        "ParkourRunner.Policy.ExtrinsicValueEstimate.mean": {
            "value": 7.493463039398193,
            "min": -0.011510427109897137,
            "max": 7.524588108062744,
            "count": 100
        },
        "ParkourRunner.Policy.ExtrinsicValueEstimate.sum": {
            "value": 1266.395263671875,
            "min": -3.8214616775512695,
            "max": 1295.807861328125,
            "count": 100
        },
        "ParkourRunner.Environment.CumulativeReward.mean": {
            "value": 68.38299473126729,
            "min": 1.0002096184977778,
            "max": 70.19081913679838,
            "count": 100
        },
        "ParkourRunner.Environment.CumulativeReward.sum": {
            "value": 1641.191873550415,
            "min": 297.06225669384,
            "max": 1850.4339535236359,
            "count": 100
        },
        "ParkourRunner.Policy.ExtrinsicReward.mean": {
            "value": 68.38299473126729,
            "min": 1.0002096184977778,
            "max": 70.19081913679838,
            "count": 100
        },
        "ParkourRunner.Policy.ExtrinsicReward.sum": {
            "value": 1641.191873550415,
            "min": 297.06225669384,
            "max": 1850.4339535236359,
            "count": 100
        },
        "ParkourRunner.Losses.PolicyLoss.mean": {
            "value": 0.021309482608921827,
            "min": 0.018156873713014644,
            "max": 0.028723839768208564,
            "count": 100
        },
        "ParkourRunner.Losses.PolicyLoss.sum": {
            "value": 0.042618965217843655,
            "min": 0.022661517839878798,
            "max": 0.05744767953641713,
            "count": 100
        },