{
    "name": "root",
    "metadata": {
        "timer_format_version": "0.1.0",
        "start_time_seconds": "1764474660",
        "python_version": "3.10.12 | packaged by Anaconda, Inc. | (main, Jul  5 2023, 19:01:18) [MSC v.1916 64 bit (AMD64)]",
        "command_line_arguments": "C:\\Users\\victo\\.conda\\envs\\mlagents\\Scripts\\mlagents-learn parkour_config.yaml --run-id=demo_2025-11-29_22-50-58 --initialize-from=test_v11 --inference",
        "mlagents_version": "1.1.0",
        "mlagents_envs_version": "1.1.0",
        "communication_protocol_version": "1.5.0",
        "pytorch_version": "2.2.2+cu121",
        "numpy_version": "1.23.5",
        "end_time_seconds": "1764474723"
    },
    "total": 62.994288300000335,
    "count": 1,
    "self": 10.002678799999558,
    "children": {
        "run_training.setup": {
            "total": 0.0484759999999369,
            "count": 1,
            "self": 0.0484759999999369
        },
        "TrainerController.start_learning": {
            "total": 52.94313350000084,
            "count": 1,
            "self": 0.07039580000491696,
            "children": {
                "TrainerController._reset_env": {
                    "total": 19.49818569999843,
                    "count": 1,
                    "self": 19.49818569999843
                },
                "TrainerController.advance": {
                    "total": 33.37455089999639,
                    "count": 4033,
                    "self": 0.05997100006061373,
                    "children": {
                        "env_step": {
                            "total": 33.03088969995224,
                            "count": 4033,
                            "self": 18.844149899920012,
                            "children": {
                                "SubprocessEnvManager._take_step": {
                                    "total": 14.143939000023238,
                                    "count": 4034,
                                    "self": 0.1881199999115779,
                                    "children": {
                                        "TorchPolicy.evaluate": {
                                            "total": 13.95581900011166,
                                            "count": 4025,
                                            "self": 13.95581900011166
                                        }
                                    }
                                },
                                "workers": {
                                    "total": 0.042800800008990336,
                                    "count": 4032,
                                    "self": 0.0,
                                    "children": {
                                        "worker_root": {
                                            "total": 29.909379499917122,
                                            "count": 4032,
                                            "is_parallel": true,
                                            "self": 18.37378380001246,
                                            "children": {
                                                "steps_from_proto": {
                                                    "total": 0.0006346999980451073,
                                                    "count": 2,
                                                    "is_parallel": true,
                                                    "self": 0.0002538999942771625,
                                                    "children": {
                                                        "_process_rank_one_or_two_observation": {
                                                            "total": 0.00038080000376794487,
                                                            "count": 4,
                                                            "is_parallel": true,
                                                            "self": 0.00038080000376794487
                                                        }
                                                    }
                                                },
                                                "UnityEnvironment.step": {
                                                    "total": 11.534960999906616,
                                                    "count": 4032,
                                                    "is_parallel": true,
                                                    "self": 0.24788269981945632,
                                                    "children": {
                                                        "UnityEnvironment._generate_step_input": {
                                                            "total": 0.2084591000857472,
                                                            "count": 4032,
                                                            "is_parallel": true,
                                                            "self": 0.2084591000857472
                                                        },
                                                        "communicator.exchange": {
                                                            "total": 10.269322199987073,
                                                            "count": 4032,
                                                            "is_parallel": true,
                                                            "self": 10.269322199987073
                                                        },
                                                        "steps_from_proto": {
                                                            "total": 0.8092970000143396,
                                                            "count": 4032,
                                                            "is_parallel": true,
                                                            "self": 0.524125300009473,
                                                            "children": {
                                                                "_process_rank_one_or_two_observation": {
                                                                    "total": 0.2851717000048666,
                                                                    "count": 8064,
                                                                    "is_parallel": true,
                                                                    "self": 0.2851717000048666
                                                                }
                                                            }
                                                        }
                                                    }
                                                }
                                            }
                                        }
                                    }
                                }
                            }
                        },
                        "trainer_advance": {
                            "total": 0.28369019998353906,
                            "count": 4032,
                            "self": 0.0351142000326945,
                            "children": {
                                "process_trajectory": {
                                    "total": 0.24857599995084456,
                                    "count": 4032,
                                    "self": 0.24857599995084456
                                }
                            }
                        }
                    }
                },
                "trainer_threads": {
                    "total": 1.1000010999850929e-06,
                    "count": 1,
                    "self": 1.1000010999850929e-06
                }
            }
        }
    }
}