{
    "name": "root",
    "metadata": {
        "timer_format_version": "0.1.0",
        "start_time_seconds": "1764594339",
        "python_version": "3.10.12 | packaged by Anaconda, Inc. | (main, Jul  5 2023, 19:01:18) [MSC v.1916 64 bit (AMD64)]",
        "command_line_arguments": "C:\\Users\\victo\\.conda\\envs\\mlagents\\Scripts\\mlagents-learn parkour_config.yaml --run-id=demo_v13_2025-12-01_08-05-38 --initialize-from=test_v13 --inference",
        "mlagents_version": "1.1.0",
        "mlagents_envs_version": "1.1.0",
        "communication_protocol_version": "1.5.0",
        "pytorch_version": "2.2.2+cu121",
        "numpy_version": "1.23.5",
        "end_time_seconds": "1764594457"
    },
    "total": 118.28168290000758,
    "count": 1,
    "self": 0.007121400005416945,
    "children": {
        "run_training.setup": {
            "total": 0.05116750000161119,
            "count": 1,
            "self": 0.05116750000161119
        },
        "TrainerController.start_learning": {
            "total": 118.22339400000055,
            "count": 1,
            "self": 0.09118980180937797,
            "children": {
                "TrainerController._reset_env": {
                    "total": 18.377954900002806,
                    "count": 1,
                    "self": 18.377954900002806
                },
                "TrainerController.advance": {
                    "total": 99.75424929818837,
                    "count": 5226,
                    "self": 0.08008179679745808,
                    "children": {
                        "env_step": {
                            "total": 99.24122960018576,
                            "count": 5226,
                            "self": 79.5742833990953,
                            "children": {
                                "SubprocessEnvManager._take_step": {
                                    "total": 19.611706000228878,
                                    "count": 5226,
                                    "self": 0.24248770158737898,
                                    "children": {
                                        "TorchPolicy.evaluate": {
                                            "total": 19.3692182986415,
                                            "count": 5214,
                                            "self": 19.3692182986415
                                        }
                                    }
                                },
                                "workers": {
                                    "total": 0.05524020086158998,
                                    "count": 5225,
                                    "self": 0.0,
                                    "children": {
                                        "worker_root": {
                                            "total": 37.91961669916054,
                                            "count": 5225,
                                            "is_parallel": true,
                                            "self": 25.16315519885393,
                                            "children": {
                                                "steps_from_proto": {
                                                    "total": 0.0002621999883558601,
                                                    "count": 1,
                                                    "is_parallel": true,
                                                    "self": 0.00011879997327923775,
                                                    "children": {
                                                        "_process_rank_one_or_two_observation": {
                                                            "total": 0.00014340001507662237,
                                                            "count": 2,
                                                            "is_parallel": true,
                                                            "self": 0.00014340001507662237
                                                        }
                                                    }
                                                },
                                                "UnityEnvironment.step": {
                                                    "total": 12.756199300318258,
                                                    "count": 5225,
                                                    "is_parallel": true,
                                                    "self": 0.3269276008650195,
                                                    "children": {
                                                        "UnityEnvironment._generate_step_input": {
                                                            "total": 0.278778100037016,
                                                            "count": 5225,
                                                            "is_parallel": true,
                                                            "self": 0.278778100037016
                                                        },
                                                        "communicator.exchange": {
                                                            "total": 11.069233999529388,
                                                            "count": 5225,
                                                            "is_parallel": true,
                                                            "self": 11.069233999529388
                                                        },
                                                        "steps_from_proto": {
                                                            "total": 1.0812595998868346,
                                                            "count": 5225,
                                                            "is_parallel": true,
                                                            "self": 0.6920293000002857,
                                                            "children": {
                                                                "_process_rank_one_or_two_observation": {
                                                                    "total": 0.3892302998865489,
                                                                    "count": 10450,
                                                                    "is_parallel": true,
                                                                    "self": 0.3892302998865489
                                                                }
                                                            }
                                                        }
                                                    }
                                                }
                                            }
                                        }
                                    }
                                }
                            }
                        },
                        "trainer_advance": {
                            "total": 0.4329379012051504,
                            "count": 5225,
                            "self": 0.048995402408763766,
                            "children": {
                                "process_trajectory": {
                                    "total": 0.38394249879638664,
                                    "count": 5225,
                                    "self": 0.38394249879638664
                                }
                            }
                        }
                    }
                }
            }
        }
    }
}