{
    "name": "root",
    "metadata": {
        "timer_format_version": "0.1.0",
        "start_time_seconds": "1764570085",
        "python_version": "3.10.12 | packaged by Anaconda, Inc. | (main, Jul  5 2023, 19:01:18) [MSC v.1916 64 bit (AMD64)]",
        "command_line_arguments": "C:\\Users\\victo\\.conda\\envs\\mlagents\\Scripts\\mlagents-learn parkour_config.yaml --run-id=demo_2025-12-01_01-21-24 --initialize-from=test_v11 --inference",
        "mlagents_version": "1.1.0",
        "mlagents_envs_version": "1.1.0",
        "communication_protocol_version": "1.5.0",
        "pytorch_version": "2.2.2+cu121",
        "numpy_version": "1.23.5",
        "end_time_seconds": "1764570171"
    },
    "total": 86.00003670000297,
    "count": 1,
    "self": 0.004233500003465451,
    "children": {
        "run_training.setup": {
            "total": 0.049428400001488626,
            "count": 1,
            "self": 0.049428400001488626
        },
        "TrainerController.start_learning": {
            "total": 85.94637479999801,
            "count": 1,
            "self": 0.028768399817636237,
            "children": {
                "TrainerController._reset_env": {
                    "total": 11.141200399986701,
                    "count": 1,
                    "self": 11.141200399986701
                },
                "TrainerController.advance": {
                    "total": 74.77640600019367,
                    "count": 1714,
                    "self": 0.026285400221240707,
                    "children": {
                        "env_step": {
                            "total": 74.4672120000032,
                            "count": 1714,
                            "self": 69.18950760056032,
                            "children": {
                                "SubprocessEnvManager._take_step": {
                                    "total": 5.259958999566152,
                                    "count": 1714,
                                    "self": 0.0755443994567031,
                                    "children": {
                                        "TorchPolicy.evaluate": {
                                            "total": 5.184414600109449,
                                            "count": 1651,
                                            "self": 5.184414600109449
                                        }
                                    }
                                },
                                "workers": {
                                    "total": 0.017745399876730517,
                                    "count": 1713,
                                    "self": 0.0,
                                    "children": {
                                        "worker_root": {
                                            "total": 12.839277400024002,
                                            "count": 1713,
                                            "is_parallel": true,
                                            "self": 7.629686600223067,
                                            "children": {
                                                "steps_from_proto": {
                                                    "total": 0.0002947999892057851,
                                                    "count": 1,
                                                    "is_parallel": true,
                                                    "self": 0.00013899999612476677,
                                                    "children": {
                                                        "_process_rank_one_or_two_observation": {
                                                            "total": 0.00015579999308101833,
                                                            "count": 2,
                                                            "is_parallel": true,
                                                            "self": 0.00015579999308101833
                                                        }
                                                    }
                                                },
                                                "UnityEnvironment.step": {
                                                    "total": 5.209295999811729,
                                                    "count": 1713,
                                                    "is_parallel": true,
                                                    "self": 0.1133651992859086,
                                                    "children": {
                                                        "UnityEnvironment._generate_step_input": {
                                                            "total": 0.08600450011726934,
                                                            "count": 1713,
                                                            "is_parallel": true,
                                                            "self": 0.08600450011726934
                                                        },
                                                        "communicator.exchange": {
                                                            "total": 4.674933600254008,
                                                            "count": 1713,
                                                            "is_parallel": true,
                                                            "self": 4.674933600254008
                                                        },
                                                        "steps_from_proto": {
                                                            "total": 0.33499270015454385,
                                                            "count": 1713,
                                                            "is_parallel": true,
                                                            "self": 0.21688770074979402,
                                                            "children": {
                                                                "_process_rank_one_or_two_observation": {
                                                                    "total": 0.11810499940474983,
                                                                    "count": 3426,
                                                                    "is_parallel": true,
                                                                    "self": 0.11810499940474983
                                                                }
                                                            }
                                                        }
                                                    }
                                                }
                                            }
                                        }
                                    }
                                }
                            }
                        },
                        "trainer_advance": {
                            "total": 0.28290859996923245,
                            "count": 1713,
                            "self": 0.014519199714413844,
                            "children": {
                                "process_trajectory": {
                                    "total": 0.2683894002548186,
                                    "count": 1713,
                                    "self": 0.2683894002548186
                                }
                            }
                        }
                    }
                }
            }
        }
    }
}