{
    "name": "root",
    "metadata": {
        "timer_format_version": "0.1.0",
        "start_time_seconds": "1764474446",
        "python_version": "3.10.12 | packaged by Anaconda, Inc. | (main, Jul  5 2023, 19:01:18) [MSC v.1916 64 bit (AMD64)]",
        "command_line_arguments": "C:\\Users\\victo\\.conda\\envs\\mlagents\\Scripts\\mlagents-learn parkour_config.yaml --run-id=demo_2025-11-29 --initialize-from=test_v11 --inference",
        "mlagents_version": "1.1.0",
        "mlagents_envs_version": "1.1.0",
        "communication_protocol_version": "1.5.0",
        "pytorch_version": "2.2.2+cu121",
        "numpy_version": "1.23.5",
        "end_time_seconds": "1764474549"
    },
    "total": 103.1701181999997,
    "count": 1,
    "self": 0.00367529999857652,
    "children": {
        "run_training.setup": {
            "total": 0.04799070000080974,
            "count": 1,
            "self": 0.04799070000080974
        },
        "TrainerController.start_learning": {
            "total": 103.11845220000032,
            "count": 1,
            "self": 0.05570070000248961,
            "children": {
                "TrainerController._reset_env": {
                    "total": 16.17043449999983,
                    "count": 1,
                    "self": 16.17043449999983
                },
                "TrainerController.advance": {
                    "total": 86.892316999998,
                    "count": 3425,
                    "self": 0.053065100124513265,
                    "children": {
                        "env_step": {
                            "total": 86.59923519982112,
                            "count": 3425,
                            "self": 74.75784669981658,
                            "children": {
                                "SubprocessEnvManager._take_step": {
                                    "total": 11.803384499926324,
                                    "count": 3425,
                                    "self": 0.1584827999904519,
                                    "children": {
                                        "TorchPolicy.evaluate": {
                                            "total": 11.644901699935872,
                                            "count": 3411,
                                            "self": 11.644901699935872
                                        }
                                    }
                                },
                                "workers": {
                                    "total": 0.03800400007821736,
                                    "count": 3424,
                                    "self": 0.0,
                                    "children": {
                                        "worker_root": {
                                            "total": 25.238653799995518,
                                            "count": 3424,
                                            "is_parallel": true,
                                            "self": 15.713870300020062,
                                            "children": {
                                                "steps_from_proto": {
                                                    "total": 0.00031400000079884194,
                                                    "count": 1,
                                                    "is_parallel": true,
                                                    "self": 0.00013360000230022706,
                                                    "children": {
                                                        "_process_rank_one_or_two_observation": {
                                                            "total": 0.00018039999849861488,
                                                            "count": 2,
                                                            "is_parallel": true,
                                                            "self": 0.00018039999849861488
                                                        }
                                                    }
                                                },
                                                "UnityEnvironment.step": {
                                                    "total": 9.524469499974657,
                                                    "count": 3424,
                                                    "is_parallel": true,
                                                    "self": 0.21146400001453003,
                                                    "children": {
                                                        "UnityEnvironment._generate_step_input": {
                                                            "total": 0.17609920009272173,
                                                            "count": 3424,
                                                            "is_parallel": true,
                                                            "self": 0.17609920009272173
                                                        },
                                                        "communicator.exchange": {
                                                            "total": 8.456812499851367,
                                                            "count": 3424,
                                                            "is_parallel": true,
                                                            "self": 8.456812499851367
                                                        },
                                                        "steps_from_proto": {
                                                            "total": 0.6800938000160386,
                                                            "count": 3424,
                                                            "is_parallel": true,
                                                            "self": 0.4415143999030988,
                                                            "children": {
                                                                "_process_rank_one_or_two_observation": {
                                                                    "total": 0.23857940011293977,
                                                                    "count": 6848,
                                                                    "is_parallel": true,
                                                                    "self": 0.23857940011293977
                                                                }
                                                            }
                                                        }
                                                    }
                                                }
                                            }
                                        }
                                    }
                                }
                            }
                        },
                        "trainer_advance": {
                            "total": 0.2400167000523652,
                            "count": 3424,
                            "self": 0.030449400044744834,
                            "children": {
                                "process_trajectory": {
                                    "total": 0.20956730000762036,
                                    "count": 3424,
                                    "self": 0.20956730000762036
                                }
                            }
                        }
                    }
                }
            }
        }
    }
}