{
    "name": "root",
    "gauges": {
        "ParkourRunner.Policy.Entropy.mean": {
            "value": 1.092272162437439,
            "min": 1.0922209024429321,
            "max": 1.0923415422439575,
            "count": 131
        },
        "ParkourRunner.Policy.Entropy.sum": {
            "value": 11000.2734375,
            "min": 10715.818359375,
            "max": 11206.591796875,
            "count": 131
        },
        "ParkourRunner.Environment.EpisodeLength.mean": {
            "value": 65.5374149659864,
            "min": 57.933734939759034,
            "max": 86.63247863247864,
            "count": 131
        },
        "ParkourRunner.Environment.EpisodeLength.sum": {
            "value": 9634.0,
            "min": 9376.0,
            "max": 10489.0,
            "count": 131
        },
        "ParkourRunner.Step.mean": {
            "value": 1309967.0,
            "min": 9989.0,
            "max": 1309967.0,
            "count": 131
        },
        "ParkourRunner.Step.sum": {
            "value": 1309967.0,
            "min": 9989.0,
            "max": 1309967.0,
            "count": 131
        },
        "ParkourRunner.Policy.ExtrinsicValueEstimate.mean": {
            "value": 1.2751133441925049,
            "min": 1.249553918838501,
            "max": 1.3079349994659424,
            "count": 131
        },
        "ParkourRunner.Policy.ExtrinsicValueEstimate.sum": {
            "value": 277.9747009277344,
            "min": 257.8944396972656,
            "max": 302.606201171875,
            "count": 131
        },
        "ParkourRunner.Environment.CumulativeReward.mean": {
            "value": 0.14294715904865135,
            "min": 0.05129544037144359,
            "max": 0.5354642116615915,
            "count": 131
        },
        "ParkourRunner.Environment.CumulativeReward.sum": {
            "value": 21.01323238015175,
            "min": 8.412452220916748,
            "max": 62.649312764406204,
            "count": 131
        },
        "ParkourRunner.Policy.ExtrinsicReward.mean": {
            "value": 0.14294715904865135,
            "min": 0.05129544037144359,
            "max": 0.5354642116615915,
            "count": 131
        },
        "ParkourRunner.Policy.ExtrinsicReward.sum": {
            "value": 21.01323238015175,
            "min": 8.412452220916748,
            "max": 62.649312764406204,
            "count": 131
        },
        "ParkourRunner.IsTraining.mean": {
            "value": 0.0,
            "min": 0.0,
            "max": 0.0,
            "count": 131
        },
        "ParkourRunner.IsTraining.sum": {
            "value": 0.0,
            "min": 0.0,
            "max": 0.0,
            "count": 131
        }
    },
    "metadata": {
        "timer_format_version": "0.1.0",
        "start_time_seconds": "1764250087",
        "python_version": "3.10.12 | packaged by Anaconda, Inc. | (main, Jul  5 2023, 19:01:18) [MSC v.1916 64 bit (AMD64)]",
        "command_line_arguments": "C:\\Users\\victo\\.conda\\envs\\mlagents\\Scripts\\mlagents-learn parkour_config.yaml --run-id=test_v5_demo --inference --force",
        "mlagents_version": "1.1.0",
        "mlagents_envs_version": "1.1.0",
        "communication_protocol_version": "1.5.0",
        "pytorch_version": "2.2.2+cu121",
        "numpy_version": "1.23.5",
        "end_time_seconds": "1764251328"
    },
    "total": 1240.8562227000075,
    "count": 1,
    "self": 0.003682399998069741,
    "children": {
        "run_training.setup": {
            "total": 0.054969000004348345,
            "count": 1,
            "self": 0.054969000004348345
        },
        "TrainerController.start_learning": {
            "total": 1240.797571300005,
            "count": 1,
            "self": 2.521072097180877,
            "children": {
                "TrainerController._reset_env": {
                    "total": 8.645783499989193,
                    "count": 1,
                    "self": 8.645783499989193
                },
                "TrainerController.advance": {
                    "total": 1229.630715702835,
                    "count": 161479,
                    "self": 2.458035803443636,
                    "children": {
                        "env_step": {
                            "total": 1109.8041863008984,
                            "count": 161479,
                            "self": 597.9104229005025,
                            "children": {
                                "SubprocessEnvManager._take_step": {
                                    "total": 510.31731839996064,
                                    "count": 161479,
                                    "self": 7.0138149004778825,
                                    "children": {
                                        "TorchPolicy.evaluate": {
                                            "total": 503.30350349948276,
                                            "count": 146534,
                                            "self": 503.30350349948276
                                        }
                                    }
                                },
                                "workers": {
                                    "total": 1.576445000435342,
                                    "count": 161478,
                                    "self": 0.0,
                                    "children": {
                                        "worker_root": {
                                            "total": 1167.5173265999765,
                                            "count": 161478,
                                            "is_parallel": true,
                                            "self": 782.9961879990296,
                                            "children": {
                                                "steps_from_proto": {
                                                    "total": 0.0007384000055026263,
                                                    "count": 1,
                                                    "is_parallel": true,
                                                    "self": 0.0003446000046096742,
                                                    "children": {
                                                        "_process_rank_one_or_two_observation": {
                                                            "total": 0.0003938000008929521,
                                                            "count": 2,
                                                            "is_parallel": true,
                                                            "self": 0.0003938000008929521
                                                        }
                                                    }
                                                },
                                                "UnityEnvironment.step": {
                                                    "total": 384.52040020094137,
                                                    "count": 161478,
                                                    "is_parallel": true,
                                                    "self": 12.158154199132696,
                                                    "children": {
                                                        "UnityEnvironment._generate_step_input": {
                                                            "total": 21.20467520042439,
                                                            "count": 161478,
                                                            "is_parallel": true,
                                                            "self": 21.20467520042439
                                                        },
                                                        "communicator.exchange": {
                                                            "total": 314.7268376020511,
                                                            "count": 161478,