{
    "name": "root",
    "metadata": {
        "timer_format_version": "0.1.0",
        "start_time_seconds": "1764569444",
        "python_version": "3.10.12 | packaged by Anaconda, Inc. | (main, Jul  5 2023, 19:01:18) [MSC v.1916 64 bit (AMD64)]",
        "command_line_arguments": "C:\\Users\\victo\\.conda\\envs\\mlagents\\Scripts\\mlagents-learn parkour_config.yaml --run-id=demo_2025-12-01_01-10-43 --initialize-from=test_v11 --inference",
        "mlagents_version": "1.1.0",
        "mlagents_envs_version": "1.1.0",
        "communication_protocol_version": "1.5.0",
        "pytorch_version": "2.2.2+cu121",
        "numpy_version": "1.23.5",
        "end_time_seconds": "1764569507"
    },
    "total": 62.57187690000865,
    "count": 1,
    "self": 0.003993800011812709,
    "children": {
        "run_training.setup": {
            "total": 0.05251449999923352,
            "count": 1,
            "self": 0.05251449999923352
        },
        "TrainerController.start_learning": {
            "total": 62.5153685999976,
            "count": 1,
            "self": 0.02334130002418533,
            "children": {
                "TrainerController._reset_env": {
                    "total": 9.804606199992122,
                    "count": 1,
                    "self": 9.804606199992122
                },
                "TrainerController.advance": {
                    "total": 52.68742019998899,
                    "count": 1333,
                    "self": 0.020469600494834594,
                    "children": {
                        "env_step": {
                            "total": 52.450465199610335,
                            "count": 1333,
                            "self": 48.26350719980837,
                            "children": {
                                "SubprocessEnvManager._take_step": {
                                    "total": 4.172784199967282,
                                    "count": 1333,
                                    "self": 0.05947749981714878,
                                    "children": {
                                        "TorchPolicy.evaluate": {
                                            "total": 4.113306700150133,
                                            "count": 1287,
                                            "self": 4.113306700150133
                                        }
                                    }
                                },
                                "workers": {
                                    "total": 0.014173799834679812,
                                    "count": 1332,
                                    "self": 0.0,
                                    "children": {
                                        "worker_root": {
                                            "total": 10.535295000052429,
                                            "count": 1332,
                                            "is_parallel": true,
                                            "self": 6.26015479992202,
                                            "children": {
                                                "steps_from_proto": {
                                                    "total": 0.0004967999993823469,
                                                    "count": 1,
                                                    "is_parallel": true,
                                                    "self": 0.00024059999850578606,
                                                    "children": {
                                                        "_process_rank_one_or_two_observation": {
                                                            "total": 0.0002562000008765608,
                                                            "count": 2,
                                                            "is_parallel": true,
                                                            "self": 0.0002562000008765608
                                                        }
                                                    }
                                                },
                                                "UnityEnvironment.step": {
                                                    "total": 4.274643400131026,
                                                    "count": 1332,
                                                    "is_parallel": true,
                                                    "self": 0.08899770000425633,
                                                    "children": {
                                                        "UnityEnvironment._generate_step_input": {
                                                            "total": 0.06869640001968946,
                                                            "count": 1332,
                                                            "is_parallel": true,
                                                            "self": 0.06869640001968946
                                                        },
                                                        "communicator.exchange": {
                                                            "total": 3.849793100191164,
                                                            "count": 1332,
                                                            "is_parallel": true,
                                                            "self": 3.849793100191164
                                                        },
                                                        "steps_from_proto": {
                                                            "total": 0.26715619991591666,
                                                            "count": 1332,
                                                            "is_parallel": true,
                                                            "self": 0.17398819992376957,
                                                            "children": {
                                                                "_process_rank_one_or_two_observation": {
                                                                    "total": 0.09316799999214709,
                                                                    "count": 2664,
                                                                    "is_parallel": true,
                                                                    "self": 0.09316799999214709
                                                                }
                                                            }
                                                        }
                                                    }
                                                }
                                            }
                                        }
                                    }
                                }
                            }
                        },
                        "trainer_advance": {
                            "total": 0.21648539988382254,
                            "count": 1332,
                            "self": 0.01191209998796694,
                            "children": {
                                "process_trajectory": {
                                    "total": 0.2045732998958556,
                                    "count": 1332,
                                    "self": 0.2045732998958556
                                }
                            }
                        }
                    }
                },
                "trainer_threads": {
                    "total": 8.999923011288047e-07,
                    "count": 1,
                    "self": 8.999923011288047e-07
                }
            }
        }
    }
}