{"count":1,"self":254.499712,"total":6353.6211328,"children":{"InitializeActuators":{"count":28,"self":0.0015103,"total":0.0015103,"children":null},"InitializeSensors":{"count":28,"self":0.0030299,"total":0.0030299,"children":null},"AgentSendState":{"count":357501,"self":2.7297946,"total":25.860416999999998,"children":{"CollectObservations":{"count":2002028,"self":9.6926887999999991,"total":9.6926885,"children":null},"WriteActionMask":{"count":2002028,"self":0.47565989999999997,"total":0.47565989999999997,"children":null},"RequestDecision":{"count":2002028,"self":1.8705606,"total":12.962273999999999,"children":{"AgentInfo.ToProto":{"count":2002028,"self":2.8484808,"total":11.0917134,"children":{"GenerateSensorData":{"count":2002028,"self":8.2432328,"total":8.2432325999999989,"children":null}}}}}}},"DecideAction":{"count":357501,"self":1717.3144576,"total":1717.3144452,"children":null},"AgentAct":{"count":357501,"self":4355.8027264,"total":4355.9420132,"children":{"AgentInfo.ToProto":{"count":6720,"self":0.0743988,"total":0.1393931,"children":{"GenerateSensorData":{"count":6720,"self":0.064994299999999991,"total":0.064994299999999991,"children":null}}}}}},"gauges":{"ParkourRunner.CumulativeReward":{"count":6720,"max":151.6021,"min":-0.478999257,"runningAverage":33.48538,"value":75.14152,"weightedAverage":70.4022446}},"metadata":{"timer_format_version":"0.1.0","start_time_seconds":"1765759743","unity_version":"6000.2.5f1","command_line_arguments":"C:\\Program Files\\Unity\\Hub\\Editor\\6000.2.5f1\\Editor\\Unity.exe -projectpath F:\\_Dev\\mirrorsedgepolicygradient\\src -acceptSoftwareTermsForThisRunOnly -useHub -hubIPC -cloudEnvironment production","communication_protocol_version":"1.5.0","com.unity.ml-agents_version":"4.0.0","scene_name":"TrainingScene","end_time_seconds":"1765766096"}}