{"count":1,"self":12483.682304,"total":14876.226786,"children":{"InitializeActuators":{"count":17,"self":0.0015157999999999999,"total":0.0015157999999999999,"children":null},"InitializeSensors":{"count":17,"self":0.0010019,"total":0.0010019,"children":null},"AgentSendState":{"count":588542,"self":3.179993,"total":222.41357359999998,"children":{"CollectObservations":{"count":2001053,"self":41.834432,"total":41.8344336,"children":null},"WriteActionMask":{"count":2001053,"self":0.55427989999999994,"total":0.55427989999999994,"children":null},"RequestDecision":{"count":2001053,"self":2.2306809999999997,"total":176.8448671,"children":{"AgentInfo.ToProto":{"count":2001053,"self":2.042269,"total":174.61418609999998,"children":{"GenerateSensorData":{"count":2001053,"self":172.5719168,"total":172.57191709999998,"children":null}}}}}}},"DecideAction":{"count":588542,"self":2154.7288576,"total":2154.7288129,"children":null},"AgentAct":{"count":588542,"self":13.536156799999999,"total":15.3998425,"children":{"AgentInfo.ToProto":{"count":11111,"self":0.0307455,"total":1.8636854999999999,"children":{"GenerateSensorData":{"count":11111,"self":1.83294,"total":1.83294,"children":null}}}}}},"gauges":{"ParkourRunner.CumulativeReward":{"count":11111,"max":13.4774761,"min":-0.6700001,"runningAverage":8.202167,"value":6.872018,"weightedAverage":9.96808052}},"metadata":{"timer_format_version":"0.1.0","start_time_seconds":"1764373481","unity_version":"6000.2.5f1","command_line_arguments":"C:\\Program Files\\Unity\\Hub\\Editor\\6000.2.5f1\\Editor\\Unity.exe -projectpath F:\\_Dev\\mirrorsedgepolicygradient\\src -acceptSoftwareTermsForThisRunOnly -useHub -hubIPC -cloudEnvironment production","communication_protocol_version":"1.5.0","com.unity.ml-agents_version":"4.0.0","scene_name":"TrainingScene","end_time_seconds":"1764388357"}}