{
    "name": "root",
    "metadata": {
        "timer_format_version": "0.1.0",
        "start_time_seconds": "1764649194",
        "python_version": "3.10.12 | packaged by Anaconda, Inc. | (main, Jul  5 2023, 19:01:18) [MSC v.1916 64 bit (AMD64)]",
        "command_line_arguments": "C:\\Users\\victo\\.conda\\envs\\mlagents\\Scripts\\mlagents-learn parkour_config.yaml --run-id=inference_v13_slow0.01 --initialize-from=test_v13 --inference --time-scale=0.01",
        "mlagents_version": "1.1.0",
        "mlagents_envs_version": "1.1.0",
        "communication_protocol_version": "1.5.0",
        "pytorch_version": "2.2.2+cu121",
        "numpy_version": "1.23.5",
        "end_time_seconds": "1764649223"
    },
    "total": 29.641247899999144,
    "count": 1,
    "self": 0.7787358000059612,
    "children": {
        "run_training.setup": {
            "total": 0.07301569997798651,
            "count": 1,
            "self": 0.07301569997798651
        },
        "TrainerController.start_learning": {
            "total": 28.789496400015196,
            "count": 1,
            "self": 0.022809900663560256,
            "children": {
                "TrainerController._reset_env": {
                    "total": 7.978169800015166,
                    "count": 1,
                    "self": 7.978169800015166
                },
                "TrainerController.advance": {
                    "total": 20.788514499319717,
                    "count": 1080,
                    "self": 0.019096499570878223,
                    "children": {
                        "env_step": {
                            "total": 20.659916600212455,
                            "count": 1080,
                            "self": 17.196289500279818,
                            "children": {
                                "SubprocessEnvManager._take_step": {
                                    "total": 3.4501710001786705,
                                    "count": 1080,
                                    "self": 0.051334700314328074,
                                    "children": {
                                        "TorchPolicy.evaluate": {
                                            "total": 3.3988362998643424,
                                            "count": 1078,
                                            "self": 3.3988362998643424
                                        }
                                    }
                                },
                                "workers": {
                                    "total": 0.013456099753966555,
                                    "count": 1079,
                                    "self": 0.0,
                                    "children": {
                                        "worker_root": {
                                            "total": 19.980231000314234,
                                            "count": 1079,
                                            "is_parallel": true,
                                            "self": 5.676698800496524,
                                            "children": {
                                                "steps_from_proto": {
                                                    "total": 0.0004496999899856746,
                                                    "count": 1,
                                                    "is_parallel": true,
                                                    "self": 0.00022369998623616993,
                                                    "children": {
                                                        "_process_rank_one_or_two_observation": {
                                                            "total": 0.00022600000374950469,
                                                            "count": 2,
                                                            "is_parallel": true,
                                                            "self": 0.00022600000374950469
                                                        }
                                                    }
                                                },
                                                "UnityEnvironment.step": {
                                                    "total": 14.303082499827724,
                                                    "count": 1079,
                                                    "is_parallel": true,
                                                    "self": 0.0822603999695275,
                                                    "children": {
                                                        "UnityEnvironment._generate_step_input": {
                                                            "total": 0.0638586002169177,
                                                            "count": 1079,
                                                            "is_parallel": true,
                                                            "self": 0.0638586002169177
                                                        },
                                                        "communicator.exchange": {
                                                            "total": 13.889395799837075,
                                                            "count": 1079,
                                                            "is_parallel": true,
                                                            "self": 13.889395799837075
                                                        },
                                                        "steps_from_proto": {
                                                            "total": 0.2675676998042036,
                                                            "count": 1079,
                                                            "is_parallel": true,
                                                            "self": 0.16361220020917244,
                                                            "children": {
                                                                "_process_rank_one_or_two_observation": {
                                                                    "total": 0.10395549959503114,
                                                                    "count": 2158,
                                                                    "is_parallel": true,
                                                                    "self": 0.10395549959503114
                                                                }
                                                            }
                                                        }
                                                    }
                                                }
                                            }
                                        }
                                    }
                                }
                            }
                        },
                        "trainer_advance": {
                            "total": 0.10950139953638427,
                            "count": 1079,
                            "self": 0.010865599440876395,
                            "children": {
                                "process_trajectory": {
                                    "total": 0.09863580009550788,
                                    "count": 1079,
                                    "self": 0.09863580009550788
                                }
                            }
                        }
                    }
                },
                "trainer_threads": {
                    "total": 2.200016751885414e-06,
                    "count": 1,
                    "self": 2.200016751885414e-06
                }
            }
        }
    }
}