{
    "name": "root",
    "gauges": {
        "ParkourRunner.Policy.Entropy.mean": {
            "value": 0.12045450508594513,
            "min": 0.11512036621570587,
            "max": 1.0940001010894775,
            "count": 100
        },
        "ParkourRunner.Policy.Entropy.sum": {
            "value": 2416.3173828125,
            "min": 2299.529296875,
            "max": 22633.767578125,
            "count": 100
        },
        "ParkourRunner.Environment.EpisodeLength.mean": {
            "value": 345.17857142857144,
            "min": 50.53626943005181,
            "max": 449.75,
            "count": 100
        },
        "ParkourRunner.Environment.EpisodeLength.sum": {
            "value": 19330.0,
            "min": 17884.0,
            "max": 22127.0,
            "count": 100
        },
        "ParkourRunner.Episode.TotalReward.mean": {
            "value": 18.083205237984657,
            "min": -0.13818533649098688,
            "max": 22.280412476889943,
            "count": 100
        },
        "ParkourRunner.Episode.TotalReward.sum": {
            "value": 1012.6594933271408,
            "min": -53.339539885520935,
            "max": 1206.8640822172165,
            "count": 100
        },
        "ParkourRunner.Episode.Length.mean": {
            "value": 34.61915065986769,
            "min": 5.151457490080997,
            "max": 45.07200811126015,
            "count": 100
        },
        "ParkourRunner.Episode.Length.sum": {
            "value": 1938.672436952591,
            "min": 1794.3157358169556,
            "max": 2219.1352746486664,
            "count": 100
        },
        "ParkourRunner.Episode.MaxDistance.mean": {
            "value": 194.60336492742812,
            "min": 10.937450811652939,
            "max": 224.56540956302564,
            "count": 100
        },
        "ParkourRunner.Episode.MaxDistance.sum": {
            "value": 10897.788435935974,
            "min": 4221.856013298035,
            "max": 12108.333930969238,
            "count": 100
        },
        "ParkourRunner.Actions.JumpCount.mean": {
            "value": 69.07142857142857,
            "min": 61.76271186440678,
            "max": 234.71428571428572,
            "count": 100
        },
        "ParkourRunner.Actions.JumpCount.sum": {
            "value": 3868.0,
            "min": 3644.0,
            "max": 32182.0,
            "count": 100
        },
        "ParkourRunner.Actions.ForwardCount.mean": {
            "value": 1637.1785714285713,
            "min": 91.24870466321244,
            "max": 1872.8775510204082,
            "count": 100
        },
        "ParkourRunner.Actions.ForwardCount.sum": {
            "value": 91682.0,
            "min": 35222.0,
            "max": 100967.0,
            "count": 100
        },
        "ParkourRunner.Actions.IdleCount.mean": {
            "value": 24.678571428571427,
            "min": 24.678571428571427,
            "max": 348.3541666666667,
            "count": 100
        },
        "ParkourRunner.Actions.IdleCount.sum": {
            "value": 1382.0,
            "min": 1382.0,
            "max": 32019.0,
            "count": 100
        },
        "ParkourRunner.Actions.JumpPercentage.mean": {
            "value": 4.616994087185178,
            "min": 4.051414790906404,
            "max": 31.57149484614634,
            "count": 100
        },
        "ParkourRunner.Actions.JumpPercentage.sum": {
            "value": 258.55166888237,
            "min": 225.35831713676453,
            "max": 12186.597010612488,
            "count": 100
        },
        "ParkourRunner.Actions.ForwardPercentage.mean": {
            "value": 93.62614618028913,
            "min": 36.36363669380623,
            "max": 94.12477819269354,
            "count": 100
        },
        "ParkourRunner.Actions.ForwardPercentage.sum": {
            "value": 5243.064186096191,
            "min": 3505.1373176574707,
            "max": 14800.549020767212,
            "count": 100
        },
        "ParkourRunner.Actions.IdlePercentage.mean": {
            "value": 1.7568598727562599,
            "min": 1.7568598727562599,
            "max": 32.06486842545821,
            "count": 100
        },
        "ParkourRunner.Actions.IdlePercentage.sum": {
            "value": 98.38415287435055,
            "min": 97.77888575196266,
            "max": 12377.039212226868,
            "count": 100
        },
        "ParkourRunner.Step.mean": {
            "value": 1999921.0,
            "min": 19976.0,
            "max": 1999921.0,
            "count": 100
        },
        "ParkourRunner.Step.sum": {
            "value": 1999921.0,
            "min": 19976.0,
            "max": 1999921.0,
            "count": 100
        },
        "ParkourRunner.Policy.ExtrinsicValueEstimate.mean": {
            "value": 3.862898588180542,
            "min": -0.18209683895111084,
            "max": 4.035023212432861,
            "count": 100
        },
        "ParkourRunner.Policy.ExtrinsicValueEstimate.sum": {
            "value": 714.63623046875,
            "min": -68.28631591796875,
            "max": 750.349853515625,
            "count": 100
        },
        "ParkourRunner.Environment.CumulativeReward.mean": {
            "value": 18.0771581360272,
            "min": -0.13853601821057207,
            "max": 22.74201889211933,
            "count": 100
        },
        "ParkourRunner.Environment.CumulativeReward.sum": {
            "value": 1012.3208556175232,
            "min": -53.33636701107025,
            "max": 1176.6274120211601,
            "count": 100
        },
        "ParkourRunner.Policy.ExtrinsicReward.mean": {
            "value": 18.0771581360272,
            "min": -0.13853601821057207,
            "max": 22.74201889211933,
            "count": 100
        },
        "ParkourRunner.Policy.ExtrinsicReward.sum": {
            "value": 1012.3208556175232,
            "min": -53.33636701107025,
            "max": 1176.6274120211601,
            "count": 100
        },
        "ParkourRunner.Losses.PolicyLoss.mean": {
            "value": 0.021813441892154513,
            "min": 0.019769587307237088,
            "max": 0.02708699645008892,
            "count": 100
        },
        "ParkourRunner.Losses.PolicyLoss.sum": {
            "value": 0.043626883784309026,
            "min": 0.02085039091296494,
            "max": 0.05417399290017784,
            "count": 100
        },
        "ParkourRunner.Losses.ValueLoss.mean": {
            "value": 0.4062410590052605,
            "min": 0.07460151586681604,
            "max": 0.5637825760245323,
            "count": 100
        },
        "ParkourRunner.Losses.ValueLoss.sum": {
            "value": 0.812482118010521,
            "min": 0.07781439416110515,
            "max": 1.1275651520490646,
            "count": 100
        },
        "ParkourRunner.Policy.LearningRate.mean": {
            "value": 9.457746847750069e-07,
            "min": 9.457746847750069e-07,
            "max": 0.00029846205051265004,
            "count": 100
        },
        "ParkourRunner.Policy.LearningRate.sum": {
            "value": 1.8915493695500137e-06,
            "min": 1.8915493695500137e-06,
            "max": 0.0005922816025727999,
            "count": 100
        },
        "ParkourRunner.Policy.Epsilon.mean": {
            "value": 0.10031522500000001,
            "min": 0.10031522500000001,
            "max": 0.19948735000000004,
            "count": 100
        },
        "ParkourRunner.Policy.Epsilon.sum": {
            "value": 0.20063045000000002,
            "min": 0.1144822,
            "max": 0.3974272000000001,
            "count": 100
        },
        "ParkourRunner.Policy.Beta.mean": {
            "value": 0.0003251934775000024,
            "min": 0.0003251934775000024,
            "max": 0.09948740126499998,
            "count": 100
        },
        "ParkourRunner.Policy.Beta.sum": {
            "value": 0.0006503869550000048,