{
    "name": "root",
    "metadata": {
        "timer_format_version": "0.1.0",
        "start_time_seconds": "1764648769",
        "python_version": "3.10.12 | packaged by Anaconda, Inc. | (main, Jul  5 2023, 19:01:18) [MSC v.1916 64 bit (AMD64)]",
        "command_line_arguments": "C:\\Users\\victo\\.conda\\envs\\mlagents\\Scripts\\mlagents-learn parkour_config.yaml --run-id=inference_v13_realtime --initialize-from=test_v13 --inference --time-scale=1",
        "mlagents_version": "1.1.0",
        "mlagents_envs_version": "1.1.0",
        "communication_protocol_version": "1.5.0",
        "pytorch_version": "2.2.2+cu121",
        "numpy_version": "1.23.5",
        "end_time_seconds": "1764648843"
    },
    "total": 74.0950135999883,
    "count": 1,
    "self": 0.004396299977088347,
    "children": {
        "run_training.setup": {
            "total": 0.06786370000918396,
            "count": 1,
            "self": 0.06786370000918396
        },
        "TrainerController.start_learning": {
            "total": 74.02275360000203,
            "count": 1,
            "self": 0.05001790073583834,
            "children": {
                "TrainerController._reset_env": {
                    "total": 26.8758956999809,
                    "count": 1,
                    "self": 26.8758956999809
                },
                "TrainerController.advance": {
                    "total": 47.09683889927692,
                    "count": 2411,
                    "self": 0.04236439857049845,
                    "children": {
                        "env_step": {
                            "total": 46.84772250041715,
                            "count": 2411,
                            "self": 39.213004300545435,
                            "children": {
                                "SubprocessEnvManager._take_step": {
                                    "total": 7.603924200026086,
                                    "count": 2411,
                                    "self": 0.11620089912321419,
                                    "children": {
                                        "TorchPolicy.evaluate": {
                                            "total": 7.487723300902871,
                                            "count": 2405,
                                            "self": 7.487723300902871
                                        }
                                    }
                                },
                                "workers": {
                                    "total": 0.030793999845627695,
                                    "count": 2410,
                                    "self": 0.0,
                                    "children": {
                                        "worker_root": {
                                            "total": 42.57069199968828,
                                            "count": 2410,
                                            "is_parallel": true,
                                            "self": 11.053960799414199,
                                            "children": {
                                                "steps_from_proto": {
                                                    "total": 0.0004972000024281442,
                                                    "count": 1,
                                                    "is_parallel": true,
                                                    "self": 0.00021839997498318553,
                                                    "children": {
                                                        "_process_rank_one_or_two_observation": {
                                                            "total": 0.0002788000274449587,
                                                            "count": 2,
                                                            "is_parallel": true,
                                                            "self": 0.0002788000274449587
                                                        }
                                                    }
                                                },
                                                "UnityEnvironment.step": {
                                                    "total": 31.516234000271652,
                                                    "count": 2410,
                                                    "is_parallel": true,
                                                    "self": 0.1826875004626345,
                                                    "children": {
                                                        "UnityEnvironment._generate_step_input": {
                                                            "total": 0.13965660074609332,
                                                            "count": 2410,
                                                            "is_parallel": true,
                                                            "self": 0.13965660074609332
                                                        },
                                                        "communicator.exchange": {
                                                            "total": 30.60997879935894,
                                                            "count": 2410,
                                                            "is_parallel": true,
                                                            "self": 30.60997879935894
                                                        },
                                                        "steps_from_proto": {
                                                            "total": 0.5839110997039825,
                                                            "count": 2410,
                                                            "is_parallel": true,
                                                            "self": 0.35568999891984276,
                                                            "children": {
                                                                "_process_rank_one_or_two_observation": {
                                                                    "total": 0.2282211007841397,
                                                                    "count": 4820,
                                                                    "is_parallel": true,
                                                                    "self": 0.2282211007841397
                                                                }
                                                            }
                                                        }
                                                    }
                                                }
                                            }
                                        }
                                    }
                                }
                            }
                        },
                        "trainer_advance": {
                            "total": 0.20675200028927065,
                            "count": 2410,
                            "self": 0.02215380032430403,
                            "children": {
                                "process_trajectory": {
                                    "total": 0.18459819996496662,
                                    "count": 2410,
                                    "self": 0.18459819996496662
                                }
                            }
                        }
                    }
                },
                "trainer_threads": {
                    "total": 1.100008375942707e-06,
                    "count": 1,
                    "self": 1.100008375942707e-06
                }
            }
        }
    }
}